Precinct,Ryan Walters,April Grace,,Total,Margin,,,,,,
10001,35,31,,66,6.06%,,(Ryan Walters - April Grace) / Total,,,,(35-31)/66
10002,49,26,,75,30.67%,,,,,,
10003,23,24,,47,-2.13%,,,,,,
10004,22,24,,46,-4.35%,,,,,,
10005,24,46,,70,-31.43%,,,,,,
10006,67,80,,147,-8.84%,,,,,,
10007,61,63,,124,-1.61%,,,,,,
10008,60,56,,116,3.45%,,,,,,
10010,28,14,,42,33.33%,,,,,,
10011,15,16,,31,-3.23%,,,,,,
10012,72,60,,132,9.09%,,,,,,
10013,41,42,,83,-1.20%,,,,,,
10014,53,56,,109,-2.75%,,,,,,
10016,61,40,,101,20.79%,,,,,,
10017,84,50,,134,25.37%,,,,,,
10018,49,74,,123,-20.33%,,,,,,
10019,78,99,,177,-11.86%,,,,,,
20110,28,53,,81,-30.86%,,,,,,
20120,15,30,,45,-33.33%,,,,,,
20140,32,86,,118,-45.76%,,,,,,
20220,45,99,,144,-37.50%,,,,,,
20230,41,46,,87,-5.75%,,,,,,
20310,39,78,,117,-33.33%,,,,,,
20320,32,40,,72,-11.11%,,,,,,
20330,43,46,,89,-3.37%,,,,,,
30001,61,40,,101,20.79%,,,,,,
30002,1,6,,7,-71.43%,,,,,,
30003,35,21,,56,25.00%,,,,,,
30006,46,20,,66,39.39%,,,,,,
30007,75,66,,141,6.38%,,,,,,
30008,68,52,,120,13.33%,,,,,,
30009,28,36,,64,-12.50%,,,,,,
30010,20,15,,35,14.29%,,,,,,
30011,47,36,,83,13.25%,,,,,,
30012,26,15,,41,26.83%,,,,,,
30013,22,26,,48,-8.33%,,,,,,
30014,13,13,,26,0.00%,,,,,,
30015,42,21,,63,33.33%,,,,,,
40011,36,41,,77,-6.49%,,,,,,
40013,26,14,,40,30.00%,,,,,,
40023,71,100,,171,-16.96%,,,,,,
40025,32,33,,65,-1.54%,,,,,,
40026,4,6,,10,-20.00%,,,,,,
40031,23,23,,46,0.00%,,,,,,
40033,33,70,,103,-35.92%,,,,,,
50111,61,81,,142,-14.08%,,,,,,
50112,45,52,,97,-7.22%,,,,,,
50141,61,57,,118,3.39%,,,,,,
50231,74,91,,165,-10.30%,,,,,,
50232,23,17,,40,15.00%,,,,,,
50235,86,112,,198,-13.13%,,,,,,
50242,35,39,,74,-5.41%,,,,,,
50320,21,48,,69,-39.13%,,,,,,
50330,55,57,,112,-1.79%,,,,,,
50332,107,121,,228,-6.14%,,,,,,
50333,81,95,,176,-7.95%,,,,,,
50343,20,26,,46,-13.04%,,,,,,
60002,82,159,,241,-31.95%,,,,,,
60007,74,85,,159,-6.92%,,,,,,
60010,38,56,,94,-19.15%,,,,,,
60011,19,20,,39,-2.56%,,,,,,
60012,156,163,,319,-2.19%,,,,,,
60016,29,36,,65,-10.77%,,,,,,
60017,94,88,,182,3.30%,,,,,,
60020,28,58,,86,-34.88%,,,,,,
60022,10,13,,23,-13.04%,,,,,,
70003,66,57,,123,7.32%,,,,,,
70004,117,95,,212,10.38%,,,,,,
70005,83,81,,164,1.22%,,,,,,
70008,115,78,,193,19.17%,,,,,,
70010,33,17,,50,32.00%,,,,,,
70011,32,23,,55,16.36%,,,,,,
70012,12,24,,36,-33.33%,,,,,,
70013,68,64,,132,3.03%,,,,,,
70014,52,53,,105,-0.95%,,,,,,
70015,81,75,,156,3.85%,,,,,,
70016,45,42,,87,3.45%,,,,,,
70017,43,48,,91,-5.49%,,,,,,
70018,106,103,,209,1.44%,,,,,,
70019,74,61,,135,9.63%,,,,,,
70020,86,36,,122,40.98%,,,,,,
70021,131,137,,268,-2.24%,,,,,,
70022,28,24,,52,7.69%,,,,,,
70023,35,30,,65,7.69%,,,,,,
70024,66,38,,104,26.92%,,,,,,
70025,112,100,,212,5.66%,,,,,,
70026,26,29,,55,-5.45%,,,,,,
70027,118,99,,217,8.76%,,,,,,
70028,91,74,,165,10.30%,,,,,,
70029,19,12,,31,22.58%,,,,,,
70033,243,186,,429,13.29%,,,,,,
80012,15,19,,34,-11.76%,,,,,,
80022,57,57,,114,0.00%,,,,,,
80041,68,61,,129,5.43%,,,,,,
80102,53,95,,148,-28.38%,,,,,,
80509,43,22,,65,32.31%,,,,,,
80510,61,104,,165,-26.06%,,,,,,
80511,89,68,,157,13.38%,,,,,,
80712,100,155,,255,-21.57%,,,,,,
80810,38,29,,67,13.43%,,,,,,
80811,25,30,,55,-9.09%,,,,,,
81009,34,34,,68,0.00%,,,,,,
81010,55,77,,132,-16.67%,,,,,,
81111,138,148,,286,-3.50%,,,,,,
81213,77,79,,156,-1.28%,,,,,,
90100,77,49,,126,22.22%,,,,,,
90102,42,42,,84,0.00%,,,,,,
90106,77,67,,144,6.94%,,,,,,
90107,56,46,,102,9.80%,,,,,,
90110,133,81,,214,24.30%,,,,,,
90114,73,52,,125,16.80%,,,,,,
90116,9,7,,16,12.50%,,,,,,
90118,72,51,,123,17.07%,,,,,,
90119,14,25,,39,-28.21%,,,,,,
90124,137,126,,263,4.18%,,,,,,
90129,7,6,,13,7.69%,,,,,,
90200,270,229,,499,8.22%,,,,,,
90201,100,106,,206,-2.91%,,,,,,
90202,123,80,,203,21.18%,,,,,,
90203,109,131,,240,-9.17%,,,,,,
90204,124,110,,234,5.98%,,,,,,
90205,90,93,,183,-1.64%,,,,,,
90206,197,173,,370,6.49%,,,,,,
90207,124,96,,220,12.73%,,,,,,
90208,129,101,,230,12.17%,,,,,,
90210,134,118,,252,6.35%,,,,,,
90211,94,112,,206,-8.74%,,,,,,
90212,50,59,,109,-8.26%,,,,,,
90213,46,45,,91,1.10%,,,,,,
90214,141,120,,261,8.05%,,,,,,
90215,153,133,,286,6.99%,,,,,,
90216,268,238,,506,5.93%,,,,,,
90217,80,52,,132,21.21%,,,,,,
90218,157,100,,257,22.18%,,,,,,
90219,9,8,,17,5.88%,,,,,,
90220,161,153,,314,2.55%,,,,,,
90221,108,65,,173,24.86%,,,,,,
90222,87,72,,159,9.43%,,,,,,
90223,163,151,,314,3.82%,,,,,,
90224,130,125,,255,1.96%,,,,,,
90225,74,71,,145,2.07%,,,,,,
90227,148,147,,295,0.34%,,,,,,
90228,49,45,,94,4.26%,,,,,,
90229,47,29,,76,23.68%,,,,,,
90239,32,23,,55,16.36%,,,,,,
90299,0,0,,0,#DIV/0!,,,,,,
90300,209,155,,364,14.84%,,,,,,
90301,244,201,,445,9.66%,,,,,,
90302,58,57,,115,0.87%,,,,,,
90303,91,73,,164,10.98%,,,,,,
90304,95,48,,143,32.87%,,,,,,
90305,217,175,,392,10.71%,,,,,,
90306,129,131,,260,-0.77%,,,,,,
90308,197,138,,335,17.61%,,,,,,
90310,100,66,,166,20.48%,,,,,,
90312,138,143,,281,-1.78%,,,,,,
90400,150,125,,275,9.09%,,,,,,
90403,54,32,,86,25.58%,,,,,,
90404,32,17,,49,30.61%,,,,,,
90406,39,33,,72,8.33%,,,,,,
90408,53,58,,111,-4.50%,,,,,,
90502,80,76,,156,2.56%,,,,,,
90504,227,162,,389,16.71%,,,,,,
90506,232,191,,423,9.69%,,,,,,
90507,204,210,,414,-1.45%,,,,,,
100001,27,27,,54,0.00%,,,,,,
100002,59,38,,97,21.65%,,,,,,
100007,4,2,,6,33.33%,,,,,,
100011,35,24,,59,18.64%,,,,,,
100014,56,38,,94,19.15%,,,,,,
100015,55,49,,104,5.77%,,,,,,
100017,54,51,,105,2.86%,,,,,,
100019,130,160,,290,-10.34%,,,,,,
100020,51,40,,91,12.09%,,,,,,
100024,102,78,,180,13.33%,,,,,,
100025,13,25,,38,-31.58%,,,,,,
100026,10,9,,19,5.26%,,,,,,
100030,30,44,,74,-18.92%,,,,,,
100031,149,131,,280,6.43%,,,,,,
100032,0,0,,0,#DIV/0!,,,,,,
100033,53,35,,88,20.45%,,,,,,
100034,59,62,,121,-2.48%,,,,,,
100035,22,23,,45,-2.22%,,,,,,
100039,29,41,,70,-17.14%,,,,,,
100040,12,10,,22,9.09%,,,,,,
100041,54,63,,117,-7.69%,,,,,,
100042,4,1,,5,60.00%,,,,,,
100051,32,16,,48,33.33%,,,,,,
100052,48,32,,80,20.00%,,,,,,
100061,57,35,,92,23.91%,,,,,,
100062,64,52,,116,10.34%,,,,,,
100063,90,83,,173,4.05%,,,,,,
100071,61,74,,135,-9.63%,,,,,,
110001,43,51,,94,-8.51%,,,,,,
110002,127,132,,259,-1.93%,,,,,,
110003,102,98,,200,2.00%,,,,,,
110004,85,62,,147,15.65%,,,,,,
110005,34,25,,59,15.25%,,,,,,
110006,43,41,,84,2.38%,,,,,,
110007,35,32,,67,4.48%,,,,,,
110008,45,43,,88,2.27%,,,,,,
110009,112,79,,191,17.28%,,,,,,
110010,115,80,,195,17.95%,,,,,,
110011,46,21,,67,37.31%,,,,,,
110012,96,64,,160,20.00%,,,,,,
110013,15,11,,26,15.38%,,,,,,
110014,53,31,,84,26.19%,,,,,,
110015,161,113,,274,17.52%,,,,,,
110016,44,18,,62,41.94%,,,,,,
110017,58,52,,110,5.45%,,,,,,
110018,20,26,,46,-13.04%,,,,,,
110019,23,19,,42,9.52%,,,,,,
110020,79,57,,136,16.18%,,,,,,
110021,27,31,,58,-6.90%,,,,,,
110022,18,24,,42,-14.29%,,,,,,
110023,27,23,,50,8.00%,,,,,,
110025,43,27,,70,22.86%,,,,,,
110027,3,1,,4,50.00%,,,,,,
110028,0,0,,0,#DIV/0!,,,,,,
110029,8,6,,14,14.29%,,,,,,
110030,0,0,,0,#DIV/0!,,,,,,
110031,0,0,,0,#DIV/0!,,,,,,
120101,74,36,,110,34.55%,,,,,,
120104,53,41,,94,12.77%,,,,,,
120105,12,24,,36,-33.33%,,,,,,
120208,26,21,,47,10.64%,,,,,,
120210,89,84,,173,2.89%,,,,,,
120215,42,26,,68,23.53%,,,,,,
120316,42,24,,66,27.27%,,,,,,
120318,23,40,,63,-26.98%,,,,,,
120319,18,21,,39,-7.69%,,,,,,
120321,52,54,,106,-1.89%,,,,,,
120322,23,15,,38,21.05%,,,,,,
130002,27,22,,49,10.20%,,,,,,
130003,14,17,,31,-9.68%,,,,,,
130004,13,28,,41,-36.59%,,,,,,
130005,9,21,,30,-40.00%,,,,,,
130006,41,22,,63,30.16%,,,,,,
130007,3,10,,13,-53.85%,,,,,,
140100,145,129,,274,5.84%,,,,,,
140101,71,93,,164,-13.41%,,,,,,
140102,173,157,,330,4.85%,,,,,,
140103,63,48,,111,13.51%,,,,,,
140104,178,150,,328,8.54%,,,,,,
140105,90,78,,168,7.14%,,,,,,
140106,145,124,,269,7.81%,,,,,,
140107,133,85,,218,22.02%,,,,,,
140108,198,148,,346,14.45%,,,,,,
140109,155,108,,263,17.87%,,,,,,
140110,147,140,,287,2.44%,,,,,,
140111,112,116,,228,-1.75%,,,,,,
140112,149,108,,257,15.95%,,,,,,
140113,251,205,,456,10.09%,,,,,,
140114,203,169,,372,9.14%,,,,,,
140115,154,113,,267,15.36%,,,,,,
140116,32,16,,48,33.33%,,,,,,
140117,90,69,,159,13.21%,,,,,,
140118,150,92,,242,23.97%,,,,,,
140119,68,49,,117,16.24%,,,,,,
140120,161,93,,254,26.77%,,,,,,
140121,10,16,,26,-23.08%,,,,,,
140122,62,35,,97,27.84%,,,,,,
140123,224,110,,334,34.13%,,,,,,
140124,161,69,,230,40.00%,,,,,,
140125,89,28,,117,52.14%,,,,,,
140200,141,107,,248,13.71%,,,,,,
140201,40,30,,70,14.29%,,,,,,
140202,82,57,,139,17.99%,,,,,,
140203,35,29,,64,9.38%,,,,,,
140204,108,94,,202,6.93%,,,,,,
140205,109,114,,223,-2.24%,,,,,,
140206,112,84,,196,14.29%,,,,,,
140207,177,110,,287,23.34%,,,,,,
140208,74,81,,155,-4.52%,,,,,,
140209,47,44,,91,3.30%,,,,,,
140210,38,15,,53,43.40%,,,,,,
140211,98,70,,168,16.67%,,,,,,
140212,92,58,,150,22.67%,,,,,,
140213,135,124,,259,4.25%,,,,,,
140214,130,103,,233,11.59%,,,,,,
140215,117,68,,185,26.49%,,,,,,
140216,86,81,,167,2.99%,,,,,,
140217,142,96,,238,19.33%,,,,,,
140218,161,141,,302,6.62%,,,,,,
140300,158,167,,325,-2.77%,,,,,,
140301,181,175,,356,1.69%,,,,,,
140302,17,26,,43,-20.93%,,,,,,
140303,186,141,,327,13.76%,,,,,,
140304,290,235,,525,10.48%,,,,,,
140305,90,83,,173,4.05%,,,,,,
140306,65,68,,133,-2.26%,,,,,,
140307,166,161,,327,1.53%,,,,,,
140308,70,73,,143,-2.10%,,,,,,
140309,108,99,,207,4.35%,,,,,,
140310,79,86,,165,-4.24%,,,,,,
140311,105,94,,199,5.53%,,,,,,
140312,77,56,,133,15.79%,,,,,,
140313,46,40,,86,6.98%,,,,,,
140314,57,46,,103,10.68%,,,,,,
140315,117,103,,220,6.36%,,,,,,
140316,6,12,,18,-33.33%,,,,,,
140317,185,169,,354,4.52%,,,,,,
140318,122,131,,253,-3.56%,,,,,,
140319,49,69,,118,-16.95%,,,,,,
140320,7,8,,15,-6.67%,,,,,,
140321,53,32,,85,24.71%,,,,,,
140322,34,30,,64,6.25%,,,,,,
140323,18,18,,36,0.00%,,,,,,
140324,31,43,,74,-16.22%,,,,,,
140325,54,61,,115,-6.09%,,,,,,
140326,42,35,,77,9.09%,,,,,,
140327,31,21,,52,19.23%,,,,,,
140328,80,61,,141,13.48%,,,,,,
140329,0,0,,0,#DIV/0!,,,,,,
140330,7,12,,19,-26.32%,,,,,,
140331,19,15,,34,11.76%,,,,,,
140332,1,2,,3,-33.33%,,,,,,
140333,75,60,,135,11.11%,,,,,,
140334,2,3,,5,-20.00%,,,,,,
140335,61,53,,114,7.02%,,,,,,
140336,9,10,,19,-5.26%,,,,,,
140337,4,7,,11,-27.27%,,,,,,
140338,162,127,,289,12.11%,,,,,,
140339,117,108,,225,4.00%,,,,,,
140340,134,130,,264,1.52%,,,,,,
140341,164,128,,292,12.33%,,,,,,
140342,71,77,,148,-4.05%,,,,,,
140343,100,69,,169,18.34%,,,,,,
140344,179,117,,296,20.95%,,,,,,
140345,108,66,,174,24.14%,,,,,,
140346,73,37,,110,32.73%,,,,,,
140347,107,59,,166,28.92%,,,,,,
140348,26,29,,55,-5.45%,,,,,,
140349,112,95,,207,8.21%,,,,,,
140350,26,31,,57,-8.77%,,,,,,
140351,143,97,,240,19.17%,,,,,,
140352,53,43,,96,10.42%,,,,,,
140400,87,78,,165,5.45%,,,,,,
140401,121,130,,251,-3.59%,,,,,,
140402,147,135,,282,4.26%,,,,,,
140403,116,76,,192,20.83%,,,,,,
140404,143,89,,232,23.28%,,,,,,
140405,112,84,,196,14.29%,,,,,,
140406,24,13,,37,29.73%,,,,,,
150002,47,39,,86,9.30%,,,,,,
150003,34,27,,61,11.48%,,,,,,
150004,16,9,,25,28.00%,,,,,,
150005,33,33,,66,0.00%,,,,,,
150006,12,9,,21,14.29%,,,,,,
150007,17,6,,23,47.83%,,,,,,
150009,26,14,,40,30.00%,,,,,,
150010,8,8,,16,0.00%,,,,,,
150011,29,18,,47,23.40%,,,,,,
160001,81,74,,155,4.52%,,,,,,
160002,42,50,,92,-8.70%,,,,,,
160003,36,35,,71,1.41%,,,,,,
160004,50,48,,98,2.04%,,,,,,
160007,58,43,,101,14.85%,,,,,,
160008,75,86,,161,-6.83%,,,,,,
160009,74,53,,127,16.54%,,,,,,
160011,26,34,,60,-13.33%,,,,,,
160013,50,36,,86,16.28%,,,,,,
160015,40,50,,90,-11.11%,,,,,,
160017,67,80,,147,-8.84%,,,,,,
160019,50,55,,105,-4.76%,,,,,,
160020,41,31,,72,13.89%,,,,,,
160021,24,23,,47,2.13%,,,,,,
160024,3,2,,5,20.00%,,,,,,
160025,4,3,,7,14.29%,,,,,,
160026,15,27,,42,-28.57%,,,,,,
160027,6,15,,21,-42.86%,,,,,,
160028,5,5,,10,0.00%,,,,,,
160030,7,12,,19,-26.32%,,,,,,
160031,185,207,,392,-5.61%,,,,,,
160033,22,24,,46,-4.35%,,,,,,
160034,98,76,,174,12.64%,,,,,,
160035,35,26,,61,14.75%,,,,,,
160036,43,36,,79,8.86%,,,,,,
160037,118,102,,220,7.27%,,,,,,
160038,179,177,,356,0.56%,,,,,,
160039,112,107,,219,2.28%,,,,,,
160040,112,147,,259,-13.51%,,,,,,
160041,34,53,,87,-21.84%,,,,,,
160042,87,115,,202,-13.86%,,,,,,
160043,85,87,,172,-1.16%,,,,,,
160044,36,31,,67,7.46%,,,,,,
160045,73,104,,177,-17.51%,,,,,,
160046,13,49,,62,-58.06%,,,,,,
160048,47,79,,126,-25.40%,,,,,,
160049,92,130,,222,-17.12%,,,,,,
160050,132,139,,271,-2.58%,,,,,,
160051,1,0,,1,100.00%,,,,,,
160052,0,0,,0,#DIV/0!,,,,,,
170001,6,6,,12,0.00%,,,,,,
170003,42,69,,111,-24.32%,,,,,,
170005,24,34,,58,-17.24%,,,,,,
170007,17,53,,70,-51.43%,,,,,,
170008,8,12,,20,-20.00%,,,,,,
170009,33,65,,98,-32.65%,,,,,,
170011,99,105,,204,-2.94%,,,,,,
180140,76,61,,137,10.95%,,,,,,
180320,50,28,,78,28.21%,,,,,,
180410,39,47,,86,-9.30%,,,,,,
180520,56,31,,87,28.74%,,,,,,
180611,34,49,,83,-18.07%,,,,,,
180612,41,32,,73,12.33%,,,,,,
180621,57,59,,116,-1.72%,,,,,,
180622,34,24,,58,17.24%,,,,,,
180710,28,32,,60,-6.67%,,,,,,
180810,86,58,,144,19.44%,,,,,,
180820,86,75,,161,6.83%,,,,,,
180910,39,31,,70,11.43%,,,,,,
180911,7,11,,18,-22.22%,,,,,,
190111,92,78,,170,8.24%,,,,,,
190121,133,106,,239,11.30%,,,,,,
190122,37,37,,74,0.00%,,,,,,
190131,50,37,,87,14.94%,,,,,,
190132,103,119,,222,-7.21%,,,,,,
190142,159,193,,352,-9.66%,,,,,,
190143,73,52,,125,16.80%,,,,,,
190211,71,120,,191,-25.65%,,,,,,
190221,56,69,,125,-10.40%,,,,,,
190311,53,79,,132,-19.70%,,,,,,
190401,78,72,,150,4.00%,,,,,,
190402,48,42,,90,6.67%,,,,,,
190403,53,30,,83,27.71%,,,,,,
190404,182,167,,349,4.30%,,,,,,
190405,134,96,,230,16.52%,,,,,,
190406,35,76,,111,-36.94%,,,,,,
190407,28,22,,50,12.00%,,,,,,
190408,41,41,,82,0.00%,,,,,,
190409,68,80,,148,-8.11%,,,,,,
190410,48,38,,86,11.63%,,,,,,
190411,83,65,,148,12.16%,,,,,,
190412,40,36,,76,5.26%,,,,,,
190413,71,105,,176,-19.32%,,,,,,
190414,151,146,,297,1.68%,,,,,,
190415,7,5,,12,16.67%,,,,,,
190416,148,121,,269,10.04%,,,,,,
190417,222,194,,416,6.73%,,,,,,
190418,162,139,,301,7.64%,,,,,,
190419,128,89,,217,17.97%,,,,,,
190420,62,59,,121,2.48%,,,,,,
190421,101,68,,169,19.53%,,,,,,
190422,83,79,,162,2.47%,,,,,,
190423,59,57,,116,1.72%,,,,,,
190424,12,0,,12,100.00%,,,,,,
190425,47,27,,74,27.03%,,,,,,
200001,51,41,,92,10.87%,,,,,,
200003,86,174,,260,-33.85%,,,,,,
200005,104,132,,236,-11.86%,,,,,,
200007,45,61,,106,-15.09%,,,,,,
200012,70,77,,147,-4.76%,,,,,,
200013,60,53,,113,6.19%,,,,,,
200018,185,205,,390,-5.13%,,,,,,
200020,214,318,,532,-19.55%,,,,,,
200021,102,93,,195,4.62%,,,,,,
200022,47,60,,107,-12.15%,,,,,,
200023,142,130,,272,4.41%,,,,,,
200026,89,78,,167,6.59%,,,,,,
210001,133,142,,275,-3.27%,,,,,,
210002,55,59,,114,-3.51%,,,,,,
210003,94,89,,183,2.73%,,,,,,
210004,64,55,,119,7.56%,,,,,,
210005,183,132,,315,16.19%,,,,,,
210006,174,146,,320,8.75%,,,,,,
210007,304,217,,521,16.70%,,,,,,
210008,57,46,,103,10.68%,,,,,,
210009,246,161,,407,20.88%,,,,,,
210012,83,71,,154,7.79%,,,,,,
210014,57,58,,115,-0.87%,,,,,,
210015,86,97,,183,-6.01%,,,,,,
210016,88,120,,208,-15.38%,,,,,,
210018,60,56,,116,3.45%,,,,,,
210019,125,139,,264,-5.30%,,,,,,
210020,17,17,,34,0.00%,,,,,,
210022,155,173,,328,-5.49%,,,,,,
210023,93,72,,165,12.73%,,,,,,
220001,40,28,,68,17.65%,,,,,,
220002,19,19,,38,0.00%,,,,,,
220003,24,62,,86,-44.19%,,,,,,
220004,20,24,,44,-9.09%,,,,,,
220005,86,76,,162,6.17%,,,,,,
220007,11,8,,19,15.79%,,,,,,
220008,52,68,,120,-13.33%,,,,,,
220009,39,25,,64,21.88%,,,,,,
220010,6,9,,15,-20.00%,,,,,,
230001,52,91,,143,-27.27%,,,,,,
230003,73,101,,174,-16.09%,,,,,,
230004,17,28,,45,-24.44%,,,,,,
230006,5,17,,22,-54.55%,,,,,,
230007,37,52,,89,-16.85%,,,,,,
230008,31,42,,73,-15.07%,,,,,,
230009,9,27,,36,-50.00%,,,,,,
240102,72,58,,130,10.77%,,,,,,
240103,54,66,,120,-10.00%,,,,,,
240104,58,47,,105,10.48%,,,,,,
240105,43,55,,98,-12.24%,,,,,,
240106,60,98,,158,-24.05%,,,,,,
240107,13,23,,36,-27.78%,,,,,,
240108,58,49,,107,8.41%,,,,,,
240109,28,35,,63,-11.11%,,,,,,
240110,32,43,,75,-14.67%,,,,,,
240201,121,136,,257,-5.84%,,,,,,
240202,146,183,,329,-11.25%,,,,,,
240203,48,44,,92,4.35%,,,,,,
240204,195,213,,408,-4.41%,,,,,,
240206,55,49,,104,5.77%,,,,,,
240207,121,119,,240,0.83%,,,,,,
240208,26,18,,44,18.18%,,,,,,
240210,45,54,,99,-9.09%,,,,,,
240211,112,122,,234,-4.27%,,,,,,
240212,48,64,,112,-14.29%,,,,,,
240301,94,90,,184,2.17%,,,,,,
240302,203,221,,424,-4.25%,,,,,,
240304,202,236,,438,-7.76%,,,,,,
240305,193,201,,394,-2.03%,,,,,,
240307,182,199,,381,-4.46%,,,,,,
240308,19,38,,57,-33.33%,,,,,,
240309,118,127,,245,-3.67%,,,,,,
240310,67,77,,144,-6.94%,,,,,,
240311,146,141,,287,1.74%,,,,,,
250001,95,70,,165,15.15%,,,,,,
250003,96,68,,164,17.07%,,,,,,
250005,105,85,,190,10.53%,,,,,,
250006,41,37,,78,5.13%,,,,,,
250007,56,46,,102,9.80%,,,,,,
250008,54,62,,116,-6.90%,,,,,,
250009,95,81,,176,7.95%,,,,,,
250013,58,46,,104,11.54%,,,,,,
250015,37,33,,70,5.71%,,,,,,
250016,43,49,,92,-6.52%,,,,,,
250017,60,64,,124,-3.23%,,,,,,
250018,76,74,,150,1.33%,,,,,,
250020,87,92,,179,-2.79%,,,,,,
250024,54,62,,116,-6.90%,,,,,,
250025,62,36,,98,26.53%,,,,,,
250027,4,1,,5,60.00%,,,,,,
250028,6,6,,12,0.00%,,,,,,
260001,41,55,,96,-14.58%,,,,,,
260002,59,72,,131,-9.92%,,,,,,
260003,79,88,,167,-5.39%,,,,,,
260005,30,38,,68,-11.76%,,,,,,
260006,46,67,,113,-18.58%,,,,,,
260008,192,236,,428,-10.28%,,,,,,
260009,70,116,,186,-24.73%,,,,,,
260016,44,66,,110,-20.00%,,,,,,
260017,24,29,,53,-9.43%,,,,,,
260021,61,52,,113,7.96%,,,,,,
260023,20,24,,44,-9.09%,,,,,,
260025,104,108,,212,-1.89%,,,,,,
260026,40,26,,66,21.21%,,,,,,
260027,53,69,,122,-13.11%,,,,,,
260028,143,112,,255,12.16%,,,,,,
260029,147,137,,284,3.52%,,,,,,
260031,65,56,,121,7.44%,,,,,,
260032,109,98,,207,5.31%,,,,,,
260035,27,25,,52,3.85%,,,,,,
260036,214,176,,390,9.74%,,,,,,
260037,180,194,,374,-3.74%,,,,,,
260038,237,240,,477,-0.63%,,,,,,
260039,155,136,,291,6.53%,,,,,,
260040,146,168,,314,-7.01%,,,,,,
260041,205,151,,356,15.17%,,,,,,
260042,59,33,,92,28.26%,,,,,,
260043,5,2,,7,42.86%,,,,,,
260044,232,237,,469,-1.07%,,,,,,
270011,8,29,,37,-56.76%,,,,,,
270017,61,57,,118,3.39%,,,,,,
270023,51,79,,130,-21.54%,,,,,,
270025,72,51,,123,17.07%,,,,,,
270026,21,27,,48,-12.50%,,,,,,
270029,33,35,,68,-2.94%,,,,,,
270030,50,82,,132,-24.24%,,,,,,
280101,39,57,,96,-18.75%,,,,,,
280201,12,4,,16,50.00%,,,,,,
280202,37,54,,91,-18.68%,,,,,,
280203,10,10,,20,0.00%,,,,,,
280301,35,36,,71,-1.41%,,,,,,
280302,3,2,,5,20.00%,,,,,,
290101,3,8,,11,-45.45%,,,,,,
290102,19,31,,50,-24.00%,,,,,,
290201,15,26,,41,-26.83%,,,,,,
290203,5,7,,12,-16.67%,,,,,,
290204,1,5,,6,-66.67%,,,,,,
290301,6,6,,12,0.00%,,,,,,
290302,14,30,,44,-36.36%,,,,,,
300201,52,98,,150,-30.67%,,,,,,
300203,31,46,,77,-19.48%,,,,,,
300301,41,58,,99,-17.17%,,,,,,
300302,8,21,,29,-44.83%,,,,,,
300303,17,26,,43,-20.93%,,,,,,
300402,45,71,,116,-22.41%,,,,,,
310007,39,22,,61,27.87%,,,,,,
310011,17,15,,32,6.25%,,,,,,
310015,26,18,,44,18.18%,,,,,,
310016,54,42,,96,12.50%,,,,,,
310019,57,35,,92,23.91%,,,,,,
310023,69,36,,105,31.43%,,,,,,
310027,57,50,,107,6.54%,,,,,,
310030,59,40,,99,19.19%,,,,,,
310031,66,38,,104,26.92%,,,,,,
310032,53,48,,101,4.95%,,,,,,
320011,54,54,,108,0.00%,,,,,,
320012,38,35,,73,4.11%,,,,,,
320016,8,8,,16,0.00%,,,,,,
320018,24,15,,39,23.08%,,,,,,
320019,11,10,,21,4.76%,,,,,,
320020,84,47,,131,28.24%,,,,,,
320021,21,14,,35,20.00%,,,,,,
320022,23,13,,36,27.78%,,,,,,
320023,19,11,,30,26.67%,,,,,,
320030,30,20,,50,20.00%,,,,,,
320031,26,18,,44,18.18%,,,,,,
320032,12,23,,35,-31.43%,,,,,,
320033,43,29,,72,19.44%,,,,,,
320034,24,22,,46,4.35%,,,,,,
320035,37,31,,68,8.82%,,,,,,
330001,115,157,,272,-15.44%,,,,,,
330002,45,54,,99,-9.09%,,,,,,
330003,24,19,,43,11.63%,,,,,,
330006,69,104,,173,-20.23%,,,,,,
330007,28,28,,56,0.00%,,,,,,
330010,14,17,,31,-9.68%,,,,,,
330014,59,77,,136,-13.24%,,,,,,
330016,48,43,,91,5.49%,,,,,,
330017,33,39,,72,-8.33%,,,,,,
330018,12,16,,28,-14.29%,,,,,,
330019,30,26,,56,7.14%,,,,,,
330020,62,86,,148,-16.22%,,,,,,
330021,12,10,,22,9.09%,,,,,,
330023,23,37,,60,-23.33%,,,,,,
330024,21,19,,40,5.00%,,,,,,
340101,47,64,,111,-15.32%,,,,,,
340102,8,15,,23,-30.43%,,,,,,
340103,1,17,,18,-88.89%,,,,,,
340201,9,6,,15,20.00%,,,,,,
340202,28,33,,61,-8.20%,,,,,,
340203,2,3,,5,-20.00%,,,,,,
340301,6,9,,15,-20.00%,,,,,,
340302,21,28,,49,-14.29%,,,,,,
340303,15,11,,26,15.38%,,,,,,
350001,35,38,,73,-4.11%,,,,,,
350002,13,15,,28,-7.14%,,,,,,
350003,12,25,,37,-35.14%,,,,,,
350004,56,72,,128,-12.50%,,,,,,
350005,46,27,,73,26.03%,,,,,,
350006,27,26,,53,1.89%,,,,,,
350008,24,11,,35,37.14%,,,,,,
350009,7,24,,31,-54.84%,,,,,,
350010,25,18,,43,16.28%,,,,,,
350011,27,25,,52,3.85%,,,,,,
350012,42,55,,97,-13.40%,,,,,,
350013,54,38,,92,17.39%,,,,,,
350014,18,6,,24,50.00%,,,,,,
350113,9,15,,24,-25.00%,,,,,,
360001,89,73,,162,9.88%,,,,,,
360101,70,105,,175,-20.00%,,,,,,
360103,60,129,,189,-36.51%,,,,,,
360202,57,76,,133,-14.29%,,,,,,
360205,48,63,,111,-13.51%,,,,,,
360206,109,177,,286,-23.78%,,,,,,
360400,19,12,,31,22.58%,,,,,,
360401,2,9,,11,-63.64%,,,,,,
360403,46,43,,89,3.37%,,,,,,
360404,18,20,,38,-5.26%,,,,,,
360405,36,28,,64,12.50%,,,,,,
360406,33,30,,63,4.76%,,,,,,
360407,5,4,,9,11.11%,,,,,,
360409,10,7,,17,17.65%,,,,,,
360411,19,14,,33,15.15%,,,,,,
360412,22,21,,43,2.33%,,,,,,
360413,135,99,,234,15.38%,,,,,,
360419,62,58,,120,3.33%,,,,,,
360420,31,24,,55,12.73%,,,,,,
360421,1,7,,8,-75.00%,,,,,,
360503,72,67,,139,3.60%,,,,,,
360516,61,46,,107,14.02%,,,,,,
360517,35,37,,72,-2.78%,,,,,,
360527,109,113,,222,-1.80%,,,,,,
360530,87,70,,157,10.83%,,,,,,
360531,0,1,,1,-100.00%,,,,,,
360532,92,93,,185,-0.54%,,,,,,
360533,72,76,,148,-2.70%,,,,,,
360534,118,134,,252,-6.35%,,,,,,
360535,112,158,,270,-17.04%,,,,,,
370101,187,189,,376,-0.53%,,,,,,
370102,54,64,,118,-8.47%,,,,,,
370103,66,72,,138,-4.35%,,,,,,
370105,102,60,,162,25.93%,,,,,,
370106,11,8,,19,15.79%,,,,,,
370201,31,42,,73,-15.07%,,,,,,
370202,124,119,,243,2.06%,,,,,,
370203,25,20,,45,11.11%,,,,,,
370204,33,44,,77,-14.29%,,,,,,
370301,226,290,,516,-12.40%,,,,,,
370302,120,113,,233,3.00%,,,,,,
370304,44,67,,111,-20.72%,,,,,,
380001,72,72,,144,0.00%,,,,,,
380002,15,18,,33,-9.09%,,,,,,
380004,58,34,,92,26.09%,,,,,,
380005,1,0,,1,100.00%,,,,,,
380006,14,17,,31,-9.68%,,,,,,
380007,3,0,,3,100.00%,,,,,,
380008,21,22,,43,-2.33%,,,,,,
380009,2,2,,4,0.00%,,,,,,
380010,27,62,,89,-39.33%,,,,,,
380011,13,15,,28,-7.14%,,,,,,
380014,12,18,,30,-20.00%,,,,,,
380015,9,25,,34,-47.06%,,,,,,
380016,9,7,,16,12.50%,,,,,,
380022,40,44,,84,-4.76%,,,,,,
390001,49,40,,89,10.11%,,,,,,
390002,36,27,,63,14.29%,,,,,,
390003,55,61,,116,-5.17%,,,,,,
390004,13,14,,27,-3.70%,,,,,,
390005,17,14,,31,9.68%,,,,,,
390006,19,18,,37,2.70%,,,,,,
390007,25,22,,47,6.38%,,,,,,
390008,34,28,,62,9.68%,,,,,,
390009,29,27,,56,3.57%,,,,,,
390010,58,33,,91,27.47%,,,,,,
390011,35,36,,71,-1.41%,,,,,,
390012,19,11,,30,26.67%,,,,,,
390013,17,11,,28,21.43%,,,,,,
400101,29,25,,54,7.41%,,,,,,
400102,37,58,,95,-22.11%,,,,,,
400103,60,93,,153,-21.57%,,,,,,
400104,11,5,,16,37.50%,,,,,,
400105,50,78,,128,-21.88%,,,,,,
400106,42,31,,73,15.07%,,,,,,
400107,69,60,,129,6.98%,,,,,,
400108,26,24,,50,4.00%,,,,,,
400109,98,49,,147,33.33%,,,,,,
400110,39,53,,92,-15.22%,,,,,,
400111,82,84,,166,-1.20%,,,,,,
400112,10,18,,28,-28.57%,,,,,,
400113,32,35,,67,-4.48%,,,,,,
400114,10,22,,32,-37.50%,,,,,,
400201,19,11,,30,26.67%,,,,,,
400202,26,18,,44,18.18%,,,,,,
400203,45,59,,104,-13.46%,,,,,,
400204,136,129,,265,2.64%,,,,,,
400205,32,30,,62,3.23%,,,,,,
400207,132,111,,243,8.64%,,,,,,
400208,56,42,,98,14.29%,,,,,,
400210,87,102,,189,-7.94%,,,,,,
400211,79,64,,143,10.49%,,,,,,
400212,68,65,,133,2.26%,,,,,,
400213,11,6,,17,29.41%,,,,,,
400214,25,17,,42,19.05%,,,,,,
400215,22,29,,51,-13.73%,,,,,,
400301,18,21,,39,-7.69%,,,,,,
400302,60,74,,134,-10.45%,,,,,,
400303,17,17,,34,0.00%,,,,,,
400304,28,40,,68,-17.65%,,,,,,
400305,26,20,,46,13.04%,,,,,,
400306,33,23,,56,17.86%,,,,,,
400309,8,8,,16,0.00%,,,,,,
400310,73,105,,178,-17.98%,,,,,,
400311,51,92,,143,-28.67%,,,,,,
400312,49,38,,87,12.64%,,,,,,
410001,103,100,,203,1.48%,,,,,,
410002,119,121,,240,-0.83%,,,,,,
410003,108,117,,225,-4.00%,,,,,,
410004,66,52,,118,11.86%,,,,,,
410005,107,79,,186,15.05%,,,,,,
410006,69,46,,115,20.00%,,,,,,
410007,72,70,,142,1.41%,,,,,,
410008,188,154,,342,9.94%,,,,,,
410009,116,103,,219,5.94%,,,,,,
410010,164,142,,306,7.19%,,,,,,
410011,142,136,,278,2.16%,,,,,,
410012,130,167,,297,-12.46%,,,,,,
410013,39,37,,76,2.63%,,,,,,
410015,161,84,,245,31.43%,,,,,,
410016,121,77,,198,22.22%,,,,,,
410019,175,114,,289,21.11%,,,,,,
410020,87,69,,156,11.54%,,,,,,
410021,129,91,,220,17.27%,,,,,,
410022,151,131,,282,7.09%,,,,,,
420101,112,71,,183,22.40%,,,,,,
420102,92,44,,136,35.29%,,,,,,
420103,167,105,,272,22.79%,,,,,,
420104,287,142,,429,33.80%,,,,,,
420105,197,136,,333,18.32%,,,,,,
420106,107,47,,154,38.96%,,,,,,
420107,215,155,,370,16.22%,,,,,,
420110,37,37,,74,0.00%,,,,,,
420201,22,12,,34,29.41%,,,,,,
420202,8,2,,10,60.00%,,,,,,
420203,31,17,,48,29.17%,,,,,,
420204,141,141,,282,0.00%,,,,,,
420205,142,83,,225,26.22%,,,,,,
420206,119,48,,167,42.51%,,,,,,
420207,347,183,,530,30.94%,,,,,,
420208,27,13,,40,35.00%,,,,,,
420209,15,14,,29,3.45%,,,,,,
420210,30,34,,64,-6.25%,,,,,,
420211,108,56,,164,31.71%,,,,,,
420301,23,25,,48,-4.17%,,,,,,
420302,25,24,,49,2.04%,,,,,,
420303,168,137,,305,10.16%,,,,,,
420304,46,73,,119,-22.69%,,,,,,
420305,42,38,,80,5.00%,,,,,,
420306,101,61,,162,24.69%,,,,,,
420307,195,170,,365,6.85%,,,,,,
420308,98,112,,210,-6.67%,,,,,,
420309,159,84,,243,30.86%,,,,,,
420310,43,29,,72,19.44%,,,,,,
420311,34,26,,60,13.33%,,,,,,
430101,34,45,,79,-13.92%,,,,,,
430103,38,42,,80,-5.00%,,,,,,
430204,14,22,,36,-22.22%,,,,,,
430205,31,35,,66,-6.06%,,,,,,
430206,4,13,,17,-52.94%,,,,,,
430207,4,8,,12,-33.33%,,,,,,
430310,14,16,,30,-6.67%,,,,,,
430311,29,17,,46,26.09%,,,,,,
430312,17,25,,42,-19.05%,,,,,,
430313,9,8,,17,5.88%,,,,,,
440001,31,38,,69,-10.14%,,,,,,
440002,42,44,,86,-2.33%,,,,,,
440003,52,50,,102,1.96%,,,,,,
440005,72,60,,132,9.09%,,,,,,
440006,90,77,,167,7.78%,,,,,,
440007,42,49,,91,-7.69%,,,,,,
440008,66,53,,119,10.92%,,,,,,
440009,192,170,,362,6.08%,,,,,,
440010,31,28,,59,5.08%,,,,,,
440011,58,43,,101,14.85%,,,,,,
440012,86,50,,136,26.47%,,,,,,
440013,194,194,,388,0.00%,,,,,,
440014,152,129,,281,8.19%,,,,,,
440015,178,140,,318,11.95%,,,,,,
440016,144,98,,242,19.01%,,,,,,
440017,121,96,,217,11.52%,,,,,,
440018,81,51,,132,22.73%,,,,,,
440019,97,46,,143,35.66%,,,,,,
440020,167,134,,301,10.96%,,,,,,
440021,24,29,,53,-9.43%,,,,,,
440022,74,56,,130,13.85%,,,,,,
440023,92,76,,168,9.52%,,,,,,
440024,66,70,,136,-2.94%,,,,,,
440025,71,58,,129,10.08%,,,,,,
440026,26,22,,48,8.33%,,,,,,
440027,95,90,,185,2.70%,,,,,,
440028,66,66,,132,0.00%,,,,,,
450002,17,7,,24,41.67%,,,,,,
450004,41,57,,98,-16.33%,,,,,,
450005,4,2,,6,33.33%,,,,,,
450006,27,41,,68,-20.59%,,,,,,
450008,46,66,,112,-17.86%,,,,,,
450009,38,51,,89,-14.61%,,,,,,
450011,18,15,,33,9.09%,,,,,,
450012,2,4,,6,-33.33%,,,,,,
450013,24,40,,64,-25.00%,,,,,,
450014,16,23,,39,-17.95%,,,,,,
450015,15,26,,41,-26.83%,,,,,,
450017,12,37,,49,-51.02%,,,,,,
450018,41,55,,96,-14.58%,,,,,,
450019,56,43,,99,13.13%,,,,,,
450020,36,41,,77,-6.49%,,,,,,
450022,18,21,,39,-7.69%,,,,,,
450023,11,11,,22,0.00%,,,,,,
450024,12,24,,36,-33.33%,,,,,,
450025,35,28,,63,11.11%,,,,,,
450026,20,21,,41,-2.44%,,,,,,
450027,16,21,,37,-13.51%,,,,,,
450028,5,16,,21,-52.38%,,,,,,
450029,32,27,,59,8.47%,,,,,,
450031,70,51,,121,15.70%,,,,,,
450033,33,39,,72,-8.33%,,,,,,
450034,46,50,,96,-4.17%,,,,,,
450035,54,97,,151,-28.48%,,,,,,
450036,38,64,,102,-25.49%,,,,,,
450037,23,12,,35,31.43%,,,,,,
450038,50,76,,126,-20.63%,,,,,,
460102,55,47,,102,7.84%,,,,,,
460103,108,69,,177,22.03%,,,,,,
460104,83,72,,155,7.10%,,,,,,
460201,85,87,,172,-1.16%,,,,,,
460203,38,24,,62,22.58%,,,,,,
460205,189,135,,324,16.67%,,,,,,
460307,42,36,,78,7.69%,,,,,,
460310,17,14,,31,9.68%,,,,,,
460311,11,10,,21,4.76%,,,,,,
460312,10,18,,28,-28.57%,,,,,,
460313,10,15,,25,-20.00%,,,,,,
460314,85,81,,166,2.41%,,,,,,
460315,22,30,,52,-15.38%,,,,,,
460316,44,45,,89,-1.12%,,,,,,
460317,13,6,,19,36.84%,,,,,,
470002,134,136,,270,-0.74%,,,,,,
470004,23,33,,56,-17.86%,,,,,,
470009,8,9,,17,-5.88%,,,,,,
470010,47,30,,77,22.08%,,,,,,
470015,54,54,,108,0.00%,,,,,,
470016,7,11,,18,-22.22%,,,,,,
470020,158,192,,350,-9.71%,,,,,,
470022,93,122,,215,-13.49%,,,,,,
480102,74,101,,175,-15.43%,,,,,,
480105,62,36,,98,26.53%,,,,,,
480202,41,56,,97,-15.46%,,,,,,
480203,19,15,,34,11.76%,,,,,,
480204,41,27,,68,20.59%,,,,,,
480206,40,45,,85,-5.88%,,,,,,
480302,32,18,,50,28.00%,,,,,,
480303,175,127,,302,15.89%,,,,,,
480304,100,109,,209,-4.31%,,,,,,
490011,96,77,,173,10.98%,,,,,,
490012,107,127,,234,-8.55%,,,,,,
490014,73,83,,156,-6.41%,,,,,,
490015,94,89,,183,2.73%,,,,,,
490016,83,68,,151,9.93%,,,,,,
490020,107,84,,191,12.04%,,,,,,
490021,67,43,,110,21.82%,,,,,,
490022,93,89,,182,2.20%,,,,,,
490023,121,91,,212,14.15%,,,,,,
490024,73,80,,153,-4.58%,,,,,,
490031,73,55,,128,14.06%,,,,,,
490032,45,48,,93,-3.23%,,,,,,
490034,74,57,,131,12.98%,,,,,,
490036,155,148,,303,2.31%,,,,,,
490037,78,77,,155,0.65%,,,,,,
490038,54,69,,123,-12.20%,,,,,,
490039,127,130,,257,-1.17%,,,,,,
490101,40,39,,79,1.27%,,,,,,
490121,89,86,,175,1.71%,,,,,,
490132,68,55,,123,10.57%,,,,,,
490221,8,3,,11,45.45%,,,,,,
490241,135,142,,277,-2.53%,,,,,,
490242,74,77,,151,-1.99%,,,,,,
490311,96,54,,150,28.00%,,,,,,
490312,52,43,,95,9.47%,,,,,,
500004,58,40,,98,18.37%,,,,,,
500005,53,106,,159,-33.33%,,,,,,
500007,12,6,,18,33.33%,,,,,,
500009,38,37,,75,1.33%,,,,,,
500012,41,38,,79,3.80%,,,,,,
500014,28,31,,59,-5.08%,,,,,,
500015,87,89,,176,-1.14%,,,,,,
500017,8,12,,20,-20.00%,,,,,,
500018,42,33,,75,12.00%,,,,,,
500020,60,59,,119,0.84%,,,,,,
510005,42,40,,82,2.44%,,,,,,
510007,159,129,,288,10.42%,,,,,,
510009,157,125,,282,11.35%,,,,,,
510011,36,35,,71,1.41%,,,,,,
510013,106,83,,189,12.17%,,,,,,
510017,9,4,,13,38.46%,,,,,,
510021,30,31,,61,-1.64%,,,,,,
510022,117,119,,236,-0.85%,,,,,,
510023,32,24,,56,14.29%,,,,,,
510028,40,23,,63,26.98%,,,,,,
510033,171,112,,283,20.85%,,,,,,
510036,10,10,,20,0.00%,,,,,,
510037,104,93,,197,5.58%,,,,,,
510040,293,354,,647,-9.43%,,,,,,
510041,106,102,,208,1.92%,,,,,,
510044,42,51,,93,-9.68%,,,,,,
510045,58,55,,113,2.65%,,,,,,
510046,149,129,,278,7.19%,,,,,,
510047,61,62,,123,-0.81%,,,,,,
510049,68,83,,151,-9.93%,,,,,,
510050,25,21,,46,8.70%,,,,,,
510051,14,13,,27,3.70%,,,,,,
510052,23,28,,51,-9.80%,,,,,,
510053,62,51,,113,9.73%,,,,,,
510055,200,211,,411,-2.68%,,,,,,
510056,49,20,,69,42.03%,,,,,,
510058,39,38,,77,1.30%,,,,,,
510059,96,69,,165,16.36%,,,,,,
510060,20,20,,40,0.00%,,,,,,
510061,35,32,,67,4.48%,,,,,,
510064,75,55,,130,15.38%,,,,,,
510065,0,0,,0,#DIV/0!,,,,,,
510066,1,0,,1,100.00%,,,,,,
510067,5,5,,10,0.00%,,,,,,
510068,48,34,,82,17.07%,,,,,,
510069,2,6,,8,-50.00%,,,,,,
510070,33,27,,60,10.00%,,,,,,
510072,44,65,,109,-19.27%,,,,,,
510073,9,12,,21,-14.29%,,,,,,
520101,80,117,,197,-18.78%,,,,,,
520102,23,12,,35,31.43%,,,,,,
520103,27,35,,62,-12.90%,,,,,,
520104,40,57,,97,-17.53%,,,,,,
520105,5,10,,15,-33.33%,,,,,,
520201,66,104,,170,-22.35%,,,,,,
520202,63,60,,123,2.44%,,,,,,
520203,48,81,,129,-25.58%,,,,,,
520301,40,71,,111,-27.93%,,,,,,
520305,95,133,,228,-16.67%,,,,,,
520307,82,86,,168,-2.38%,,,,,,
530101,49,67,,116,-15.52%,,,,,,
530102,83,74,,157,5.73%,,,,,,
530103,19,35,,54,-29.63%,,,,,,
530104,9,10,,19,-5.26%,,,,,,
530201,57,40,,97,17.53%,,,,,,
530202,59,40,,99,19.19%,,,,,,
530203,61,59,,120,1.67%,,,,,,
530204,37,26,,63,17.46%,,,,,,
530301,87,78,,165,5.45%,,,,,,
530302,24,15,,39,23.08%,,,,,,
530303,47,65,,112,-16.07%,,,,,,
530305,18,18,,36,0.00%,,,,,,
540101,87,74,,161,8.07%,,,,,,
540102,7,5,,12,16.67%,,,,,,
540103,14,16,,30,-6.67%,,,,,,
540104,11,7,,18,22.22%,,,,,,
540201,31,37,,68,-8.82%,,,,,,
540202,15,9,,24,25.00%,,,,,,
540203,19,36,,55,-30.91%,,,,,,
540204,46,63,,109,-15.60%,,,,,,
540205,18,21,,39,-7.69%,,,,,,
540301,27,14,,41,31.71%,,,,,,
540302,27,26,,53,1.89%,,,,,,
540303,14,4,,18,55.56%,,,,,,
540304,28,30,,58,-3.45%,,,,,,
550001,0,0,,0,#DIV/0!,,,,,,
550002,0,0,,0,#DIV/0!,,,,,,
550301,25,22,,47,6.38%,,,,,,
550302,78,73,,151,3.31%,,,,,,
550303,116,93,,209,11.00%,,,,,,
550304,151,132,,283,6.71%,,,,,,
550305,112,81,,193,16.06%,,,,,,
550306,67,46,,113,18.58%,,,,,,
550307,166,117,,283,17.31%,,,,,,
550308,24,9,,33,45.45%,,,,,,
550309,96,64,,160,20.00%,,,,,,
550310,71,71,,142,0.00%,,,,,,
550311,60,46,,106,13.21%,,,,,,
550312,123,67,,190,29.47%,,,,,,
550313,76,48,,124,22.58%,,,,,,
550314,64,52,,116,10.34%,,,,,,
550315,89,62,,151,17.88%,,,,,,
550316,125,80,,205,21.95%,,,,,,
550317,39,22,,61,27.87%,,,,,,
550318,233,145,,378,23.28%,,,,,,
550319,187,142,,329,13.68%,,,,,,
550320,86,60,,146,17.81%,,,,,,
550321,122,74,,196,24.49%,,,,,,
550322,176,134,,310,13.55%,,,,,,
550323,9,12,,21,-14.29%,,,,,,
550324,44,30,,74,18.92%,,,,,,
550325,55,37,,92,19.57%,,,,,,
550326,43,23,,66,30.30%,,,,,,
550327,101,61,,162,24.69%,,,,,,
550328,57,41,,98,16.33%,,,,,,
550329,97,54,,151,28.48%,,,,,,
550330,57,52,,109,4.59%,,,,,,
550331,158,85,,243,30.04%,,,,,,
550332,20,10,,30,33.33%,,,,,,
550333,126,102,,228,10.53%,,,,,,
550334,230,156,,386,19.17%,,,,,,
550335,211,175,,386,9.33%,,,,,,
550336,149,119,,268,11.19%,,,,,,
550337,130,80,,210,23.81%,,,,,,
550338,121,105,,226,7.08%,,,,,,
550339,140,103,,243,15.23%,,,,,,
550340,133,87,,220,20.91%,,,,,,
550341,50,42,,92,8.70%,,,,,,
550342,165,89,,254,29.92%,,,,,,
550343,55,56,,111,-0.90%,,,,,,
550344,263,197,,460,14.35%,,,,,,
550345,91,40,,131,38.93%,,,,,,
550346,27,22,,49,10.20%,,,,,,
550347,56,39,,95,17.89%,,,,,,
550348,40,35,,75,6.67%,,,,,,
550349,14,5,,19,47.37%,,,,,,
550350,93,78,,171,8.77%,,,,,,
550351,116,95,,211,9.95%,,,,,,
550352,95,64,,159,19.50%,,,,,,
550353,148,102,,250,18.40%,,,,,,
550354,116,108,,224,3.57%,,,,,,
550355,124,93,,217,14.29%,,,,,,
550356,107,61,,168,27.38%,,,,,,
550357,276,176,,452,22.12%,,,,,,
550358,254,149,,403,26.05%,,,,,,
550359,196,130,,326,20.25%,,,,,,
550360,259,196,,455,13.85%,,,,,,
550361,249,208,,457,8.97%,,,,,,
550362,195,123,,318,22.64%,,,,,,
550363,222,128,,350,26.86%,,,,,,
550364,186,100,,286,30.07%,,,,,,
550365,96,68,,164,17.07%,,,,,,
550366,66,36,,102,29.41%,,,,,,
550367,41,33,,74,10.81%,,,,,,
550368,61,52,,113,7.96%,,,,,,
550369,222,115,,337,31.75%,,,,,,
550370,232,137,,369,25.75%,,,,,,
550371,136,116,,252,7.94%,,,,,,
550372,157,95,,252,24.60%,,,,,,
550373,167,107,,274,21.90%,,,,,,
550374,43,23,,66,30.30%,,,,,,
550375,220,158,,378,16.40%,,,,,,
550376,235,175,,410,14.63%,,,,,,
550377,175,120,,295,18.64%,,,,,,
550378,124,89,,213,16.43%,,,,,,
550379,130,98,,228,14.04%,,,,,,
550380,103,93,,196,5.10%,,,,,,
550381,22,20,,42,4.76%,,,,,,
550382,147,94,,241,21.99%,,,,,,
550383,129,68,,197,30.96%,,,,,,
550384,60,31,,91,31.87%,,,,,,
550385,43,39,,82,4.88%,,,,,,
550386,12,6,,18,33.33%,,,,,,
550387,28,25,,53,5.66%,,,,,,
550388,69,50,,119,15.97%,,,,,,
550389,58,26,,84,38.10%,,,,,,
550390,28,12,,40,40.00%,,,,,,
550391,130,103,,233,11.59%,,,,,,
550392,66,56,,122,8.20%,,,,,,
550393,19,14,,33,15.15%,,,,,,
550394,63,41,,104,21.15%,,,,,,
550395,34,24,,58,17.24%,,,,,,
550396,65,62,,127,2.36%,,,,,,
550397,122,85,,207,17.87%,,,,,,
550398,32,19,,51,25.49%,,,,,,
550399,10,14,,24,-16.67%,,,,,,
550400,27,18,,45,20.00%,,,,,,
550401,13,9,,22,18.18%,,,,,,
550402,122,93,,215,13.49%,,,,,,
550403,90,86,,176,2.27%,,,,,,
550404,113,91,,204,10.78%,,,,,,
550405,86,88,,174,-1.15%,,,,,,
550406,82,70,,152,7.89%,,,,,,
550407,90,82,,172,4.65%,,,,,,
550408,108,94,,202,6.93%,,,,,,
550409,0,0,,0,#DIV/0!,,,,,,
550410,104,75,,179,16.20%,,,,,,
550411,0,0,,0,#DIV/0!,,,,,,
550412,0,0,,0,#DIV/0!,,,,,,
550413,121,104,,225,7.56%,,,,,,
550414,157,102,,259,21.24%,,,,,,
550415,110,80,,190,15.79%,,,,,,
550416,106,93,,199,6.53%,,,,,,
550417,32,27,,59,8.47%,,,,,,
550418,50,35,,85,17.65%,,,,,,
550419,105,77,,182,15.38%,,,,,,
550420,13,22,,35,-25.71%,,,,,,
550421,35,38,,73,-4.11%,,,,,,
550422,145,117,,262,10.69%,,,,,,
550423,102,94,,196,4.08%,,,,,,
550424,157,135,,292,7.53%,,,,,,
550425,92,82,,174,5.75%,,,,,,
550426,229,154,,383,19.58%,,,,,,
550427,40,7,,47,70.21%,,,,,,
550428,39,25,,64,21.88%,,,,,,
550429,22,10,,32,37.50%,,,,,,
550430,6,5,,11,9.09%,,,,,,
550431,25,9,,34,47.06%,,,,,,
550432,27,11,,38,42.11%,,,,,,
550433,23,11,,34,35.29%,,,,,,
550434,15,14,,29,3.45%,,,,,,
550435,11,5,,16,37.50%,,,,,,
550436,60,48,,108,11.11%,,,,,,
550437,59,52,,111,6.31%,,,,,,
550438,6,5,,11,9.09%,,,,,,
550439,10,1,,11,81.82%,,,,,,
550440,131,102,,233,12.45%,,,,,,
550441,94,77,,171,9.94%,,,,,,
550442,42,22,,64,31.25%,,,,,,
550443,136,77,,213,27.70%,,,,,,
550444,122,100,,222,9.91%,,,,,,
550445,102,75,,177,15.25%,,,,,,
550446,144,86,,230,25.22%,,,,,,
550447,107,102,,209,2.39%,,,,,,
550448,130,122,,252,3.17%,,,,,,
550449,183,125,,308,18.83%,,,,,,
550450,134,114,,248,8.06%,,,,,,
550451,118,82,,200,18.00%,,,,,,
550452,174,174,,348,0.00%,,,,,,
550453,78,55,,133,17.29%,,,,,,
550454,183,91,,274,33.58%,,,,,,
550455,107,93,,200,7.00%,,,,,,
550456,137,88,,225,21.78%,,,,,,
550457,166,113,,279,19.00%,,,,,,
550458,82,57,,139,17.99%,,,,,,
550459,146,119,,265,10.19%,,,,,,
550460,198,176,,374,5.88%,,,,,,
550461,83,116,,199,-16.58%,,,,,,
550462,96,98,,194,-1.03%,,,,,,
550463,98,103,,201,-2.49%,,,,,,
550464,93,66,,159,16.98%,,,,,,
550465,61,65,,126,-3.17%,,,,,,
550466,33,28,,61,8.20%,,,,,,
550467,95,70,,165,15.15%,,,,,,
550468,56,41,,97,15.46%,,,,,,
550469,232,179,,411,12.90%,,,,,,
550470,3,5,,8,-25.00%,,,,,,
550471,108,77,,185,16.76%,,,,,,
550472,78,60,,138,13.04%,,,,,,
550473,84,71,,155,8.39%,,,,,,
550474,102,55,,157,29.94%,,,,,,
550475,49,38,,87,12.64%,,,,,,
550476,43,30,,73,17.81%,,,,,,
550477,3,2,,5,20.00%,,,,,,
550478,27,16,,43,25.58%,,,,,,
550479,8,1,,9,77.78%,,,,,,
550480,16,7,,23,39.13%,,,,,,
550481,5,1,,6,66.67%,,,,,,
550482,20,28,,48,-16.67%,,,,,,
550483,51,44,,95,7.37%,,,,,,
550484,84,68,,152,10.53%,,,,,,
550485,112,72,,184,21.74%,,,,,,
550486,34,27,,61,11.48%,,,,,,
550487,87,67,,154,12.99%,,,,,,
550488,83,81,,164,1.22%,,,,,,
550489,78,45,,123,26.83%,,,,,,
550490,52,28,,80,30.00%,,,,,,
550491,8,3,,11,45.45%,,,,,,
550492,98,57,,155,26.45%,,,,,,
550493,32,30,,62,3.23%,,,,,,
550494,67,28,,95,41.05%,,,,,,
550495,171,110,,281,21.71%,,,,,,
550496,2,0,,2,100.00%,,,,,,
550497,56,31,,87,28.74%,,,,,,
550498,12,10,,22,9.09%,,,,,,
550499,41,19,,60,36.67%,,,,,,
550500,40,20,,60,33.33%,,,,,,
550501,57,50,,107,6.54%,,,,,,
550502,67,39,,106,26.42%,,,,,,
550503,80,56,,136,17.65%,,,,,,
550504,44,30,,74,18.92%,,,,,,
550505,24,18,,42,14.29%,,,,,,
550506,60,64,,124,-3.23%,,,,,,
550507,82,66,,148,10.81%,,,,,,
550508,79,85,,164,-3.66%,,,,,,
550509,85,73,,158,7.59%,,,,,,
550510,51,42,,93,9.68%,,,,,,
550511,43,38,,81,6.17%,,,,,,
550512,16,21,,37,-13.51%,,,,,,
550513,79,57,,136,16.18%,,,,,,
550514,41,37,,78,5.13%,,,,,,
550515,46,41,,87,5.75%,,,,,,
550516,28,23,,51,9.80%,,,,,,
550517,18,16,,34,5.88%,,,,,,
550518,0,0,,0,#DIV/0!,,,,,,
550519,7,3,,10,40.00%,,,,,,
550520,3,2,,5,20.00%,,,,,,
550521,13,14,,27,-3.70%,,,,,,
550522,11,21,,32,-31.25%,,,,,,
550523,7,13,,20,-30.00%,,,,,,
550524,49,39,,88,11.36%,,,,,,
550525,87,82,,169,2.96%,,,,,,
550526,7,7,,14,0.00%,,,,,,
550527,35,36,,71,-1.41%,,,,,,
550528,63,84,,147,-14.29%,,,,,,
550529,42,37,,79,6.33%,,,,,,
550530,23,21,,44,4.55%,,,,,,
550531,12,6,,18,33.33%,,,,,,
550532,37,40,,77,-3.90%,,,,,,
550533,62,92,,154,-19.48%,,,,,,
550534,32,33,,65,-1.54%,,,,,,
550535,16,11,,27,18.52%,,,,,,
550536,16,14,,30,6.67%,,,,,,
550537,10,6,,16,25.00%,,,,,,
550538,23,11,,34,35.29%,,,,,,
550539,35,16,,51,37.25%,,,,,,
550540,14,5,,19,47.37%,,,,,,
550541,40,18,,58,37.93%,,,,,,
550542,14,9,,23,21.74%,,,,,,
550543,20,13,,33,21.21%,,,,,,
550544,24,14,,38,26.32%,,,,,,
550545,15,6,,21,42.86%,,,,,,
550546,44,26,,70,25.71%,,,,,,
550547,54,29,,83,30.12%,,,,,,
550548,26,23,,49,6.12%,,,,,,
550549,63,33,,96,31.25%,,,,,,
550550,38,10,,48,58.33%,,,,,,
550551,37,23,,60,23.33%,,,,,,
550552,14,11,,25,12.00%,,,,,,
550553,41,18,,59,38.98%,,,,,,
550554,47,33,,80,17.50%,,,,,,
550555,6,2,,8,50.00%,,,,,,
550556,39,25,,64,21.88%,,,,,,
550557,24,11,,35,37.14%,,,,,,
550558,55,45,,100,10.00%,,,,,,
550559,84,48,,132,27.27%,,,,,,
550560,20,14,,34,17.65%,,,,,,
550561,84,42,,126,33.33%,,,,,,
550562,17,10,,27,25.93%,,,,,,
550563,70,29,,99,41.41%,,,,,,
550564,16,14,,30,6.67%,,,,,,
550565,0,0,,0,#DIV/0!,,,,,,
550566,0,0,,0,#DIV/0!,,,,,,
550567,23,22,,45,2.22%,,,,,,
550568,2,3,,5,-20.00%,,,,,,
550569,20,18,,38,5.26%,,,,,,
550570,0,4,,4,-100.00%,,,,,,
550571,4,2,,6,33.33%,,,,,,
550572,1,3,,4,-50.00%,,,,,,
550573,9,8,,17,5.88%,,,,,,
550574,59,26,,85,38.82%,,,,,,
550575,113,80,,193,17.10%,,,,,,
550576,80,53,,133,20.30%,,,,,,
550577,106,67,,173,22.54%,,,,,,
550578,148,68,,216,37.04%,,,,,,
550579,170,113,,283,20.14%,,,,,,
550580,89,57,,146,21.92%,,,,,,
550581,18,7,,25,44.00%,,,,,,
550582,24,18,,42,14.29%,,,,,,
550583,23,10,,33,39.39%,,,,,,
550584,1,0,,1,100.00%,,,,,,
550585,40,26,,66,21.21%,,,,,,
550586,6,5,,11,9.09%,,,,,,
550587,11,4,,15,46.67%,,,,,,
550588,3,4,,7,-14.29%,,,,,,
559999,2682,2493,,5175,3.65%,,,,,,
560002,14,12,,26,7.69%,,,,,,
560007,53,56,,109,-2.75%,,,,,,
560008,30,25,,55,9.09%,,,,,,
560009,23,7,,30,53.33%,,,,,,
560010,49,40,,89,10.11%,,,,,,
560011,70,65,,135,3.70%,,,,,,
560013,26,19,,45,15.56%,,,,,,
560014,28,12,,40,40.00%,,,,,,
560015,24,30,,54,-11.11%,,,,,,
560016,44,48,,92,-4.35%,,,,,,
560018,33,24,,57,15.79%,,,,,,
560019,53,33,,86,23.26%,,,,,,
560020,68,71,,139,-2.16%,,,,,,
560021,42,36,,78,7.69%,,,,,,
560026,105,90,,195,7.69%,,,,,,
560027,46,47,,93,-1.08%,,,,,,
560028,139,109,,248,12.10%,,,,,,
560029,121,104,,225,7.56%,,,,,,
560031,30,15,,45,33.33%,,,,,,
560032,41,26,,67,22.39%,,,,,,
560033,34,26,,60,13.33%,,,,,,
560034,56,40,,96,16.67%,,,,,,
560035,39,24,,63,23.81%,,,,,,
560036,68,75,,143,-4.90%,,,,,,
560038,39,33,,72,8.33%,,,,,,
570101,30,37,,67,-10.45%,,,,,,
570103,57,50,,107,6.54%,,,,,,
570105,150,105,,255,17.65%,,,,,,
570106,19,11,,30,26.67%,,,,,,
570107,107,214,,321,-33.33%,,,,,,
570108,54,71,,125,-13.60%,,,,,,
570109,186,118,,304,22.37%,,,,,,
570110,107,134,,241,-11.20%,,,,,,
570111,17,35,,52,-34.62%,,,,,,
570112,70,36,,106,32.08%,,,,,,
570201,328,248,,576,13.89%,,,,,,
570202,11,5,,16,37.50%,,,,,,
570203,295,254,,549,7.47%,,,,,,
570204,188,115,,303,24.09%,,,,,,
570205,17,17,,34,0.00%,,,,,,
570206,20,13,,33,21.21%,,,,,,
570207,42,20,,62,35.48%,,,,,,
570208,44,44,,88,0.00%,,,,,,
570301,52,83,,135,-22.96%,,,,,,
570303,17,16,,33,3.03%,,,,,,
570305,103,93,,196,5.10%,,,,,,
570306,31,34,,65,-4.62%,,,,,,
570307,50,71,,121,-17.36%,,,,,,
570308,86,60,,146,17.81%,,,,,,
570310,13,8,,21,23.81%,,,,,,
570311,2,3,,5,-20.00%,,,,,,
570312,138,121,,259,6.56%,,,,,,
570313,17,16,,33,3.03%,,,,,,
580002,51,44,,95,7.37%,,,,,,
580003,74,82,,156,-5.13%,,,,,,
580004,24,42,,66,-27.27%,,,,,,
580005,25,19,,44,13.64%,,,,,,
580007,81,111,,192,-15.63%,,,,,,
580011,45,51,,96,-6.25%,,,,,,
580014,56,50,,106,5.66%,,,,,,
580023,64,65,,129,-0.78%,,,,,,
580025,66,50,,116,13.79%,,,,,,
580026,93,79,,172,8.14%,,,,,,
580028,110,85,,195,12.82%,,,,,,
580031,95,69,,164,15.85%,,,,,,
580034,63,42,,105,20.00%,,,,,,
590104,82,99,,181,-9.39%,,,,,,
590111,36,33,,69,4.35%,,,,,,
590112,39,18,,57,36.84%,,,,,,
590118,100,104,,204,-1.96%,,,,,,
590202,84,121,,205,-18.05%,,,,,,
590215,14,11,,25,12.00%,,,,,,
590217,63,80,,143,-11.89%,,,,,,
590307,112,90,,202,10.89%,,,,,,
590309,37,34,,71,4.23%,,,,,,
590314,64,50,,114,12.28%,,,,,,
600002,54,40,,94,14.89%,,,,,,
600003,103,112,,215,-4.19%,,,,,,
600004,107,132,,239,-10.46%,,,,,,
600005,37,37,,74,0.00%,,,,,,
600006,77,78,,155,-0.65%,,,,,,
600007,5,5,,10,0.00%,,,,,,
600008,25,57,,82,-39.02%,,,,,,
600009,120,170,,290,-17.24%,,,,,,
600010,58,59,,117,-0.85%,,,,,,
600011,10,20,,30,-33.33%,,,,,,
600012,6,8,,14,-14.29%,,,,,,
600013,110,101,,211,4.27%,,,,,,
600014,1,1,,2,0.00%,,,,,,
600015,113,173,,286,-20.98%,,,,,,
600016,134,168,,302,-11.26%,,,,,,
600101,111,132,,243,-8.64%,,,,,,
600102,138,158,,296,-6.76%,,,,,,
600201,146,127,,273,6.96%,,,,,,
600301,225,245,,470,-4.26%,,,,,,
600401,230,193,,423,8.75%,,,,,,
600402,158,141,,299,5.69%,,,,,,
600403,18,31,,49,-26.53%,,,,,,
600404,49,55,,104,-5.77%,,,,,,
600405,203,192,,395,2.78%,,,,,,
600406,56,66,,122,-8.20%,,,,,,
600407,76,71,,147,3.40%,,,,,,
600408,18,13,,31,16.13%,,,,,,
600409,104,137,,241,-13.69%,,,,,,
600410,71,68,,139,2.16%,,,,,,
600411,45,47,,92,-2.17%,,,,,,
610001,5,0,,5,100.00%,,,,,,
610003,43,24,,67,28.36%,,,,,,
610004,103,87,,190,8.42%,,,,,,
610005,38,19,,57,33.33%,,,,,,
610006,166,114,,280,18.57%,,,,,,
610007,51,42,,93,9.68%,,,,,,
610008,32,24,,56,14.29%,,,,,,
610011,90,55,,145,24.14%,,,,,,
610014,80,72,,152,5.26%,,,,,,
610019,22,16,,38,15.79%,,,,,,
610020,7,8,,15,-6.67%,,,,,,
610021,42,19,,61,37.70%,,,,,,
610026,55,28,,83,32.53%,,,,,,
610027,106,93,,199,6.53%,,,,,,
610028,83,86,,169,-1.78%,,,,,,
610029,42,30,,72,16.67%,,,,,,
610030,36,28,,64,12.50%,,,,,,
610032,45,44,,89,1.12%,,,,,,
610033,36,18,,54,33.33%,,,,,,
610034,41,38,,79,3.80%,,,,,,
610035,26,34,,60,-13.33%,,,,,,
610036,85,57,,142,19.72%,,,,,,
610037,95,58,,153,24.18%,,,,,,
610038,5,3,,8,25.00%,,,,,,
610039,19,23,,42,-9.52%,,,,,,
610040,24,29,,53,-9.43%,,,,,,
610041,92,52,,144,27.78%,,,,,,
610042,80,39,,119,34.45%,,,,,,
610043,38,39,,77,-1.30%,,,,,,
610044,42,28,,70,20.00%,,,,,,
610046,53,44,,97,9.28%,,,,,,
610047,43,64,,107,-19.63%,,,,,,
610048,10,21,,31,-35.48%,,,,,,
610049,89,60,,149,19.46%,,,,,,
610051,33,19,,52,26.92%,,,,,,
610052,32,29,,61,4.92%,,,,,,
610054,12,7,,19,26.32%,,,,,,
610055,2,2,,4,0.00%,,,,,,
620013,64,101,,165,-22.42%,,,,,,
620016,110,137,,247,-10.93%,,,,,,
620022,31,64,,95,-34.74%,,,,,,
620025,90,144,,234,-23.08%,,,,,,
620031,53,42,,95,11.58%,,,,,,
620051,34,32,,66,3.03%,,,,,,
620052,29,57,,86,-32.56%,,,,,,
620053,90,162,,252,-28.57%,,,,,,
620054,10,20,,30,-33.33%,,,,,,
620055,16,18,,34,-5.88%,,,,,,
620056,17,24,,41,-17.07%,,,,,,
620058,59,90,,149,-20.81%,,,,,,
620059,34,47,,81,-16.05%,,,,,,
620060,56,101,,157,-28.66%,,,,,,
620062,50,46,,96,4.17%,,,,,,
620063,24,37,,61,-21.31%,,,,,,
620064,77,94,,171,-9.94%,,,,,,
620065,44,53,,97,-9.28%,,,,,,
620066,52,58,,110,-5.45%,,,,,,
620067,39,36,,75,4.00%,,,,,,
630001,53,22,,75,41.33%,,,,,,
630002,37,22,,59,25.42%,,,,,,
630003,118,86,,204,15.69%,,,,,,
630004,17,9,,26,30.77%,,,,,,
630006,55,38,,93,18.28%,,,,,,
630007,97,71,,168,15.48%,,,,,,
630009,181,140,,321,12.77%,,,,,,
630011,181,169,,350,3.43%,,,,,,
630012,55,43,,98,12.24%,,,,,,
630013,198,169,,367,7.90%,,,,,,
630015,112,72,,184,21.74%,,,,,,
630018,147,92,,239,23.01%,,,,,,
630020,11,7,,18,22.22%,,,,,,
630021,73,55,,128,14.06%,,,,,,
630022,158,116,,274,15.33%,,,,,,
630023,84,33,,117,43.59%,,,,,,
630024,131,83,,214,22.43%,,,,,,
630025,107,78,,185,15.68%,,,,,,
630026,140,82,,222,26.13%,,,,,,
630027,121,56,,177,36.72%,,,,,,
630029,156,101,,257,21.40%,,,,,,
630030,166,127,,293,13.31%,,,,,,
630031,183,104,,287,27.53%,,,,,,
630032,80,46,,126,26.98%,,,,,,
630033,97,75,,172,12.79%,,,,,,
630037,39,36,,75,4.00%,,,,,,
630038,51,26,,77,32.47%,,,,,,
630039,0,0,,0,#DIV/0!,,,,,,
630040,28,17,,45,24.44%,,,,,,
630041,110,62,,172,27.91%,,,,,,
630042,47,28,,75,25.33%,,,,,,
640001,10,9,,19,5.26%,,,,,,
640002,146,114,,260,12.31%,,,,,,
640003,35,19,,54,29.63%,,,,,,
640007,20,25,,45,-11.11%,,,,,,
640008,14,10,,24,16.67%,,,,,,
640009,23,16,,39,17.95%,,,,,,
640010,11,9,,20,10.00%,,,,,,
640011,50,44,,94,6.38%,,,,,,
640012,10,12,,22,-9.09%,,,,,,
640014,22,6,,28,57.14%,,,,,,
640015,60,42,,102,17.65%,,,,,,
640017,14,17,,31,-9.68%,,,,,,
650101,16,17,,33,-3.03%,,,,,,
650102,18,13,,31,16.13%,,,,,,
650103,27,32,,59,-8.47%,,,,,,
650201,48,34,,82,17.07%,,,,,,
650202,11,11,,22,0.00%,,,,,,
650203,5,14,,19,-47.37%,,,,,,
650301,21,14,,35,20.00%,,,,,,
650302,24,19,,43,11.63%,,,,,,
650303,41,37,,78,5.13%,,,,,,
660001,204,170,,374,9.09%,,,,,,
660002,78,66,,144,8.33%,,,,,,
660003,79,51,,130,21.54%,,,,,,
660004,232,194,,426,8.92%,,,,,,
660005,196,141,,337,16.32%,,,,,,
660006,184,133,,317,16.09%,,,,,,
660007,180,140,,320,12.50%,,,,,,
660008,172,191,,363,-5.23%,,,,,,
660009,292,211,,503,16.10%,,,,,,
660010,146,107,,253,15.42%,,,,,,
660011,162,110,,272,19.12%,,,,,,
660012,160,140,,300,6.67%,,,,,,
660013,223,136,,359,24.23%,,,,,,
660015,196,160,,356,10.11%,,,,,,
660017,73,75,,148,-1.35%,,,,,,
660018,227,185,,412,10.19%,,,,,,
660019,150,130,,280,7.14%,,,,,,
660020,301,200,,501,20.16%,,,,,,
660021,362,263,,625,15.84%,,,,,,
660022,136,106,,242,12.40%,,,,,,
660023,159,132,,291,9.28%,,,,,,
660024,86,76,,162,6.17%,,,,,,
660026,177,174,,351,0.85%,,,,,,
660027,150,122,,272,10.29%,,,,,,
660029,140,107,,247,13.36%,,,,,,
660030,270,208,,478,12.97%,,,,,,
660031,157,191,,348,-9.77%,,,,,,
660032,172,111,,283,21.55%,,,,,,
660110,287,257,,544,5.51%,,,,,,
660116,180,179,,359,0.28%,,,,,,
660120,142,98,,240,18.33%,,,,,,
660128,201,187,,388,3.61%,,,,,,
660130,246,177,,423,16.31%,,,,,,
660131,116,91,,207,12.08%,,,,,,
660200,20,21,,41,-2.44%,,,,,,
660201,4,0,,4,100.00%,,,,,,
660202,29,29,,58,0.00%,,,,,,
660203,0,1,,1,-100.00%,,,,,,
670010,84,58,,142,18.31%,,,,,,
670012,26,10,,36,44.44%,,,,,,
670014,100,100,,200,0.00%,,,,,,
670015,58,38,,96,20.83%,,,,,,
670020,113,73,,186,21.51%,,,,,,
670022,167,113,,280,19.29%,,,,,,
670024,79,45,,124,27.42%,,,,,,
670030,97,50,,147,31.97%,,,,,,
670031,20,4,,24,66.67%,,,,,,
670032,91,67,,158,15.19%,,,,,,
670034,131,74,,205,27.80%,,,,,,
680101,49,38,,87,12.64%,,,,,,
680102,36,26,,62,16.13%,,,,,,
680103,54,38,,92,17.39%,,,,,,
680104,75,44,,119,26.05%,,,,,,
680105,37,16,,53,39.62%,,,,,,
680106,73,38,,111,31.53%,,,,,,
680107,35,23,,58,20.69%,,,,,,
680201,39,23,,62,25.81%,,,,,,
680202,39,30,,69,13.04%,,,,,,
680203,33,51,,84,-21.43%,,,,,,
680204,82,53,,135,21.48%,,,,,,
680205,31,28,,59,5.08%,,,,,,
680207,38,30,,68,11.76%,,,,,,
680208,56,65,,121,-7.44%,,,,,,
680209,47,50,,97,-3.09%,,,,,,
680210,50,19,,69,44.93%,,,,,,
680301,57,63,,120,-5.00%,,,,,,
680302,39,28,,67,16.42%,,,,,,
680303,62,40,,102,21.57%,,,,,,
680305,54,44,,98,10.20%,,,,,,
680306,55,40,,95,15.79%,,,,,,
680307,39,20,,59,32.20%,,,,,,
680308,22,12,,34,29.41%,,,,,,
680309,24,16,,40,20.00%,,,,,,
680310,54,34,,88,22.73%,,,,,,
690001,86,110,,196,-12.24%,,,,,,
690003,62,71,,133,-6.77%,,,,,,
690004,48,61,,109,-11.93%,,,,,,
690006,17,16,,33,3.03%,,,,,,
690008,29,24,,53,9.43%,,,,,,
690012,51,50,,101,0.99%,,,,,,
690013,10,6,,16,25.00%,,,,,,
690014,59,51,,110,7.27%,,,,,,
690016,82,69,,151,8.61%,,,,,,
690019,98,120,,218,-10.09%,,,,,,
690020,80,90,,170,-5.88%,,,,,,
690031,45,137,,182,-50.55%,,,,,,
690032,61,101,,162,-24.69%,,,,,,
690033,77,97,,174,-11.49%,,,,,,
690041,78,56,,134,16.42%,,,,,,
690050,72,69,,141,2.13%,,,,,,
690051,69,130,,199,-30.65%,,,,,,
690052,15,12,,27,11.11%,,,,,,
690054,30,33,,63,-4.76%,,,,,,
690055,30,16,,46,30.43%,,,,,,
690056,19,49,,68,-44.12%,,,,,,
690057,41,43,,84,-2.38%,,,,,,
690058,22,45,,67,-34.33%,,,,,,
690059,13,20,,33,-21.21%,,,,,,
690061,60,67,,127,-5.51%,,,,,,
690062,29,39,,68,-14.71%,,,,,,
690063,67,68,,135,-0.74%,,,,,,
690099,31,42,,73,-15.07%,,,,,,
700101,65,84,,149,-12.75%,,,,,,
700102,17,14,,31,9.68%,,,,,,
700104,32,66,,98,-34.69%,,,,,,
700107,7,25,,32,-56.25%,,,,,,
700201,80,98,,178,-10.11%,,,,,,
700202,26,27,,53,-1.89%,,,,,,
700205,60,56,,116,3.45%,,,,,,
700302,26,22,,48,8.33%,,,,,,
700303,62,82,,144,-13.89%,,,,,,
700304,58,66,,124,-6.45%,,,,,,
700305,124,153,,277,-10.47%,,,,,,
710001,40,73,,113,-29.20%,,,,,,
710002,29,27,,56,3.57%,,,,,,
710004,17,16,,33,3.03%,,,,,,
710006,10,22,,32,-37.50%,,,,,,
710007,17,39,,56,-39.29%,,,,,,
710009,7,43,,50,-72.00%,,,,,,
710010,24,66,,90,-46.67%,,,,,,
710012,13,21,,34,-23.53%,,,,,,
720001,86,84,,170,1.18%,,,,,,
720002,84,76,,160,5.00%,,,,,,
720003,100,133,,233,-14.16%,,,,,,
720004,70,64,,134,4.48%,,,,,,
720005,119,130,,249,-4.42%,,,,,,
720006,121,107,,228,6.14%,,,,,,
720007,101,107,,208,-2.88%,,,,,,
720008,138,124,,262,5.34%,,,,,,
720009,86,113,,199,-13.57%,,,,,,
720010,83,59,,142,16.90%,,,,,,
720011,31,33,,64,-3.13%,,,,,,
720012,83,55,,138,20.29%,,,,,,
720013,97,80,,177,9.60%,,,,,,
720014,58,44,,102,13.73%,,,,,,
720015,103,80,,183,12.57%,,,,,,
720016,73,62,,135,8.15%,,,,,,
720017,161,126,,287,12.20%,,,,,,
720018,56,48,,104,7.69%,,,,,,
720019,141,173,,314,-10.19%,,,,,,
720020,111,102,,213,4.23%,,,,,,
720021,151,135,,286,5.59%,,,,,,
720022,60,58,,118,1.69%,,,,,,
720023,102,110,,212,-3.77%,,,,,,
720024,35,18,,53,32.08%,,,,,,
720025,4,6,,10,-20.00%,,,,,,
720026,26,13,,39,33.33%,,,,,,
720027,3,7,,10,-40.00%,,,,,,
720028,3,2,,5,20.00%,,,,,,
720029,5,6,,11,-9.09%,,,,,,
720030,5,1,,6,66.67%,,,,,,
720031,9,8,,17,5.88%,,,,,,
720032,4,4,,8,0.00%,,,,,,
720033,21,10,,31,35.48%,,,,,,
720034,48,45,,93,3.23%,,,,,,
720035,49,47,,96,2.08%,,,,,,
720036,103,75,,178,15.73%,,,,,,
720037,27,22,,49,10.20%,,,,,,
720038,21,18,,39,7.69%,,,,,,
720039,73,44,,117,24.79%,,,,,,
720040,80,65,,145,10.34%,,,,,,
720041,46,37,,83,10.84%,,,,,,
720042,32,27,,59,8.47%,,,,,,
720043,27,25,,52,3.85%,,,,,,
720044,24,11,,35,37.14%,,,,,,
720045,9,4,,13,38.46%,,,,,,
720046,5,4,,9,11.11%,,,,,,
720047,12,12,,24,0.00%,,,,,,
720048,9,5,,14,28.57%,,,,,,
720049,21,21,,42,0.00%,,,,,,
720050,29,25,,54,7.41%,,,,,,
720051,6,7,,13,-7.69%,,,,,,
720052,81,55,,136,19.12%,,,,,,
720053,26,8,,34,52.94%,,,,,,
720054,88,68,,156,12.82%,,,,,,
720055,118,144,,262,-9.92%,,,,,,
720056,65,84,,149,-12.75%,,,,,,
720057,61,38,,99,23.23%,,,,,,
720058,95,62,,157,21.02%,,,,,,
720059,99,89,,188,5.32%,,,,,,
720060,61,34,,95,28.42%,,,,,,
720061,179,203,,382,-6.28%,,,,,,
720062,226,259,,485,-6.80%,,,,,,
720063,134,131,,265,1.13%,,,,,,
720064,52,45,,97,7.22%,,,,,,
720065,94,62,,156,20.51%,,,,,,
720066,82,120,,202,-18.81%,,,,,,
720067,17,7,,24,41.67%,,,,,,
720068,53,38,,91,16.48%,,,,,,
720069,83,90,,173,-4.05%,,,,,,
720070,23,18,,41,12.20%,,,,,,
720071,8,4,,12,33.33%,,,,,,
720072,50,44,,94,6.38%,,,,,,
720073,80,77,,157,1.91%,,,,,,
720074,97,56,,153,26.80%,,,,,,
720075,55,46,,101,8.91%,,,,,,
720076,99,59,,158,25.32%,,,,,,
720077,47,31,,78,20.51%,,,,,,
720078,90,62,,152,18.42%,,,,,,
720079,40,24,,64,25.00%,,,,,,
720080,93,70,,163,14.11%,,,,,,
720081,110,80,,190,15.79%,,,,,,
720082,73,53,,126,15.87%,,,,,,
720083,72,37,,109,32.11%,,,,,,
720084,75,55,,130,15.38%,,,,,,
720085,65,36,,101,28.71%,,,,,,
720086,43,32,,75,14.67%,,,,,,
720087,103,66,,169,21.89%,,,,,,
720088,77,59,,136,13.24%,,,,,,
720089,84,69,,153,9.80%,,,,,,
720090,96,89,,185,3.78%,,,,,,
720091,130,94,,224,16.07%,,,,,,
720092,58,64,,122,-4.92%,,,,,,
720093,76,75,,151,0.66%,,,,,,
720094,124,115,,239,3.77%,,,,,,
720095,36,30,,66,9.09%,,,,,,
720096,150,177,,327,-8.26%,,,,,,
720097,146,182,,328,-10.98%,,,,,,
720098,55,81,,136,-19.12%,,,,,,
720099,64,61,,125,2.40%,,,,,,
720100,75,73,,148,1.35%,,,,,,
720101,30,16,,46,30.43%,,,,,,
720102,37,26,,63,17.46%,,,,,,
720103,115,92,,207,11.11%,,,,,,
720104,68,46,,114,19.30%,,,,,,
720105,1,1,,2,0.00%,,,,,,
720106,48,38,,86,11.63%,,,,,,
720107,105,64,,169,24.26%,,,,,,
720108,31,22,,53,16.98%,,,,,,
720109,112,84,,196,14.29%,,,,,,
720110,145,98,,243,19.34%,,,,,,
720111,123,86,,209,17.70%,,,,,,
720112,28,26,,54,3.70%,,,,,,
720113,10,5,,15,33.33%,,,,,,
720114,53,42,,95,11.58%,,,,,,
720115,137,127,,264,3.79%,,,,,,
720116,7,1,,8,75.00%,,,,,,
720117,100,131,,231,-13.42%,,,,,,
720118,93,119,,212,-12.26%,,,,,,
720119,95,115,,210,-9.52%,,,,,,
720120,41,47,,88,-6.82%,,,,,,
720121,21,20,,41,2.44%,,,,,,
720122,95,74,,169,12.43%,,,,,,
720123,75,60,,135,11.11%,,,,,,
720124,54,28,,82,31.71%,,,,,,
720125,63,38,,101,24.75%,,,,,,
720126,91,66,,157,15.92%,,,,,,
720127,151,144,,295,2.37%,,,,,,
720128,185,183,,368,0.54%,,,,,,
720129,110,83,,193,13.99%,,,,,,
720130,191,156,,347,10.09%,,,,,,
720131,85,50,,135,25.93%,,,,,,
720132,107,59,,166,28.92%,,,,,,
720133,76,51,,127,19.69%,,,,,,
720134,67,71,,138,-2.90%,,,,,,
720135,130,102,,232,12.07%,,,,,,
720136,95,47,,142,33.80%,,,,,,
720137,36,28,,64,12.50%,,,,,,
720138,88,60,,148,18.92%,,,,,,
720139,27,14,,41,31.71%,,,,,,
720140,4,1,,5,60.00%,,,,,,
720141,72,47,,119,21.01%,,,,,,
720142,50,27,,77,29.87%,,,,,,
720143,240,160,,400,20.00%,,,,,,
720144,109,104,,213,2.35%,,,,,,
720145,136,133,,269,1.12%,,,,,,
720146,106,75,,181,17.13%,,,,,,
720147,37,21,,58,27.59%,,,,,,
720148,45,27,,72,25.00%,,,,,,
720149,53,20,,73,45.21%,,,,,,
720150,104,94,,198,5.05%,,,,,,
720151,151,92,,243,24.28%,,,,,,
720152,91,78,,169,7.69%,,,,,,
720153,82,96,,178,-7.87%,,,,,,
720154,92,66,,158,16.46%,,,,,,
720155,103,88,,191,7.85%,,,,,,
720156,53,36,,89,19.10%,,,,,,
720157,71,58,,129,10.08%,,,,,,
720158,26,18,,44,18.18%,,,,,,
720159,42,30,,72,16.67%,,,,,,
720160,142,107,,249,14.06%,,,,,,
720161,171,96,,267,28.09%,,,,,,
720162,48,44,,92,4.35%,,,,,,
720163,53,46,,99,7.07%,,,,,,
720164,55,23,,78,41.03%,,,,,,
720165,54,44,,98,10.20%,,,,,,
720166,110,49,,159,38.36%,,,,,,
720167,90,45,,135,33.33%,,,,,,
720168,168,113,,281,19.57%,,,,,,
720169,170,111,,281,21.00%,,,,,,
720170,13,6,,19,36.84%,,,,,,
720171,127,88,,215,18.14%,,,,,,
720172,157,90,,247,27.13%,,,,,,
720173,154,112,,266,15.79%,,,,,,
720174,109,108,,217,0.46%,,,,,,
720175,235,126,,361,30.19%,,,,,,
720176,90,100,,190,-5.26%,,,,,,
720177,93,113,,206,-9.71%,,,,,,
720178,146,98,,244,19.67%,,,,,,
720179,50,38,,88,13.64%,,,,,,
720180,98,79,,177,10.73%,,,,,,
720181,195,121,,316,23.42%,,,,,,
720182,77,74,,151,1.99%,,,,,,
720183,151,116,,267,13.11%,,,,,,
720184,55,47,,102,7.84%,,,,,,
720185,91,63,,154,18.18%,,,,,,
720186,40,34,,74,8.11%,,,,,,
720187,138,114,,252,9.52%,,,,,,
720188,206,149,,355,16.06%,,,,,,
720189,179,98,,277,29.24%,,,,,,
720190,116,87,,203,14.29%,,,,,,
720191,110,69,,179,22.91%,,,,,,
720192,187,122,,309,21.04%,,,,,,
720193,167,101,,268,24.63%,,,,,,
720194,178,112,,290,22.76%,,,,,,
720195,56,42,,98,14.29%,,,,,,
720196,73,54,,127,14.96%,,,,,,
720197,222,103,,325,36.62%,,,,,,
720198,158,108,,266,18.80%,,,,,,
720199,188,92,,280,34.29%,,,,,,
720200,123,109,,232,6.03%,,,,,,
720201,229,182,,411,11.44%,,,,,,
720202,151,100,,251,20.32%,,,,,,
720203,336,291,,627,7.18%,,,,,,
720204,283,237,,520,8.85%,,,,,,
720205,38,27,,65,16.92%,,,,,,
720206,177,171,,348,1.72%,,,,,,
720207,100,73,,173,15.61%,,,,,,
720208,79,83,,162,-2.47%,,,,,,
720209,34,32,,66,3.03%,,,,,,
720210,158,167,,325,-2.77%,,,,,,
720211,284,170,,454,25.11%,,,,,,
720212,145,81,,226,28.32%,,,,,,
720213,161,153,,314,2.55%,,,,,,
720214,157,117,,274,14.60%,,,,,,
720215,114,51,,165,38.18%,,,,,,
720216,75,52,,127,18.11%,,,,,,
720217,169,136,,305,10.82%,,,,,,
720218,140,92,,232,20.69%,,,,,,
720219,122,92,,214,14.02%,,,,,,
720220,128,82,,210,21.90%,,,,,,
720221,143,131,,274,4.38%,,,,,,
720222,154,128,,282,9.22%,,,,,,
720223,130,97,,227,14.54%,,,,,,
720224,47,62,,109,-13.76%,,,,,,
720225,7,3,,10,40.00%,,,,,,
720226,42,65,,107,-21.50%,,,,,,
720227,102,70,,172,18.60%,,,,,,
720228,62,65,,127,-2.36%,,,,,,
720229,95,80,,175,8.57%,,,,,,
720230,228,172,,400,14.00%,,,,,,
720231,39,44,,83,-6.02%,,,,,,
720232,71,47,,118,20.34%,,,,,,
720233,70,47,,117,19.66%,,,,,,
720234,164,90,,254,29.13%,,,,,,
720235,18,11,,29,24.14%,,,,,,
720236,58,37,,95,22.11%,,,,,,
720237,17,24,,41,-17.07%,,,,,,
720238,93,78,,171,8.77%,,,,,,
720239,92,69,,161,14.29%,,,,,,
720326,1,0,,1,100.00%,,,,,,
720333,22,16,,38,15.79%,,,,,,
720335,12,12,,24,0.00%,,,,,,
720337,32,31,,63,1.59%,,,,,,
720345,1,0,,1,100.00%,,,,,,
720369,2,7,,9,-55.56%,,,,,,
720377,14,7,,21,33.33%,,,,,,
720387,22,14,,36,22.22%,,,,,,
720392,34,20,,54,25.93%,,,,,,
720414,1,0,,1,100.00%,,,,,,
720442,24,15,,39,23.08%,,,,,,
720445,52,37,,89,16.85%,,,,,,
729999,1520,1403,,2923,4.00%,,,,,,
730101,74,64,,138,7.25%,,,,,,
730102,113,102,,215,5.12%,,,,,,
730103,95,75,,170,11.76%,,,,,,
730104,153,95,,248,23.39%,,,,,,
730106,145,103,,248,16.94%,,,,,,
730107,93,79,,172,8.14%,,,,,,
730108,114,89,,203,12.32%,,,,,,
730109,238,193,,431,10.44%,,,,,,
730201,104,79,,183,13.66%,,,,,,
730202,127,116,,243,4.53%,,,,,,
730203,204,160,,364,12.09%,,,,,,
730204,87,84,,171,1.75%,,,,,,
730205,118,106,,224,5.36%,,,,,,
730206,122,174,,296,-17.57%,,,,,,
730207,196,198,,394,-0.51%,,,,,,
730208,67,44,,111,20.72%,,,,,,
730209,95,60,,155,22.58%,,,,,,
730302,129,99,,228,13.16%,,,,,,
730303,102,123,,225,-9.33%,,,,,,
730304,181,156,,337,7.42%,,,,,,
730305,120,103,,223,7.62%,,,,,,
730306,197,146,,343,14.87%,,,,,,
730307,173,120,,293,18.09%,,,,,,
730308,176,115,,291,20.96%,,,,,,
730309,76,74,,150,1.33%,,,,,,
730310,97,68,,165,17.58%,,,,,,
730312,154,135,,289,6.57%,,,,,,
740011,177,128,,305,16.07%,,,,,,
740012,54,41,,95,13.68%,,,,,,
740013,179,121,,300,19.33%,,,,,,
740015,70,69,,139,0.72%,,,,,,
740022,276,179,,455,21.32%,,,,,,
740023,212,145,,357,18.77%,,,,,,
740027,70,53,,123,13.82%,,,,,,
740028,122,104,,226,7.96%,,,,,,
740029,41,39,,80,2.50%,,,,,,
740031,124,99,,223,11.21%,,,,,,
740032,95,59,,154,23.38%,,,,,,
740033,32,25,,57,12.28%,,,,,,
740046,70,38,,108,29.63%,,,,,,
740048,84,56,,140,20.00%,,,,,,
740051,322,196,,518,24.32%,,,,,,
740054,215,164,,379,13.46%,,,,,,
740055,178,98,,276,28.99%,,,,,,
740071,150,112,,262,14.50%,,,,,,
740072,123,90,,213,15.49%,,,,,,
740073,113,89,,202,11.88%,,,,,,
740074,116,83,,199,16.58%,,,,,,
740075,225,118,,343,31.20%,,,,,,
740076,87,73,,160,8.75%,,,,,,
740077,49,38,,87,12.64%,,,,,,
740078,86,87,,173,-0.58%,,,,,,
740079,124,91,,215,15.35%,,,,,,
740080,69,53,,122,13.11%,,,,,,
750003,17,19,,36,-5.56%,,,,,,
750004,100,99,,199,0.50%,,,,,,
750007,81,32,,113,43.36%,,,,,,
750009,29,22,,51,13.73%,,,,,,
750012,40,39,,79,1.27%,,,,,,
750014,85,58,,143,18.88%,,,,,,
750016,50,68,,118,-15.25%,,,,,,
750017,35,25,,60,16.67%,,,,,,
750018,24,48,,72,-33.33%,,,,,,
750019,30,53,,83,-27.71%,,,,,,
750020,28,20,,48,16.67%,,,,,,
750030,35,40,,75,-6.67%,,,,,,
760001,83,145,,228,-27.19%,,,,,,
760002,76,75,,151,0.66%,,,,,,
760003,38,65,,103,-26.21%,,,,,,
760004,14,22,,36,-22.22%,,,,,,
760005,94,130,,224,-16.07%,,,,,,
760008,51,31,,82,24.39%,,,,,,
770101,71,47,,118,20.34%,,,,,,
770102,44,31,,75,17.33%,,,,,,
770104,2,0,,2,100.00%,,,,,,
770105,115,146,,261,-11.88%,,,,,,
770201,70,124,,194,-27.84%,,,,,,
770202,118,209,,327,-27.83%,,,,,,
770203,59,76,,135,-12.59%,,,,,,
770204,15,14,,29,3.45%,,,,,,
770301,59,76,,135,-12.59%,,,,,,
770302,3,7,,10,-40.00%,,,,,,
770303,0,1,,1,-100.00%,,,,,,
770304,33,38,,71,-7.04%,,,,,,
770306,111,142,,253,-12.25%,,,,,,
770307,71,75,,146,-2.74%,,,,,,
